session_id,rank,pm
0,1,49.979740142822266
0,2,49.834022521972656
0,3,49.68122482299805
0,4,49.53676223754883
0,5,49.401573181152344
0,6,49.20637893676758
0,7,49.07756423950195
0,8,48.90962600708008
0,9,48.740020751953125
0,10,48.57465744018555
0,11,48.39280319213867
0,12,48.224647521972656
1,1,68.74383544921875
1,2,68.73362731933594
1,3,68.72644805908203
1,4,68.71766662597656
1,5,68.71275329589844
1,6,68.67005920410156
1,7,68.67578887939453
1,8,68.65516662597656
1,9,68.63623809814453
1,10,68.62461853027344
1,11,68.60066223144531
1,12,68.58699798583984
2,1,53.772708892822266
2,2,53.78266906738281
2,3,53.78370666503906
2,4,53.813453674316406
2,5,53.81105422973633
2,6,53.78359603881836
2,7,53.80647277832031
2,8,53.82672119140625
2,9,53.837486267089844
2,10,53.83383560180664
2,11,53.84175109863281
2,12,53.87802505493164
3,1,51.8368034362793
3,2,51.833377838134766
3,3,51.817222595214844
3,4,51.8286018371582
3,5,51.81096649169922
3,6,51.77642059326172
3,7,51.78234100341797
3,8,51.7826042175293
3,9,51.775474548339844
3,10,51.75811004638672
3,11,51.74619674682617
3,12,51.7630729675293
4,1,39.19559860229492
4,2,39.1826057434082
4,3,39.172733306884766
4,4,39.144737243652344
4,5,39.13611602783203
4,6,39.125186920166016
4,7,39.11198806762695
4,8,39.092750549316406
4,9,39.079078674316406
4,10,39.07901382446289
4,11,39.067012786865234
4,12,39.05596923828125
5,1,30.67892074584961
5,2,30.668100357055664
5,3,30.682809829711914
5,4,30.637964248657227
5,5,30.658824920654297
5,6,30.674535751342773
5,7,30.667400360107422
5,8,30.65566062927246
5,9,30.662567138671875
5,10,30.697795867919922
5,11,30.697370529174805
5,12,30.671377182006836
6,1,28.43062400817871
6,2,28.40930938720703
6,3,28.422292709350586
6,4,28.35956382751465
6,5,28.37710189819336
6,6,28.390544891357422
6,7,28.371885299682617
6,8,28.350507736206055
6,9,28.351118087768555
6,10,28.383455276489258
6,11,28.371736526489258
6,12,28.3259334564209
7,1,40.35702896118164
7,2,40.30886459350586
7,3,40.26926040649414
7,4,40.20713424682617
7,5,40.16809844970703
7,6,40.11818313598633
7,7,40.073585510253906
7,8,40.017723083496094
7,9,39.9687385559082
7,10,39.93143844604492
7,11,39.877044677734375
7,12,39.822845458984375
8,1,46.865787506103516
8,2,46.8577995300293
8,3,46.84447479248047
8,4,46.83973693847656
8,5,46.8173942565918
8,6,46.79633331298828
8,7,46.78586959838867
8,8,46.777854919433594
8,9,46.76587677001953
8,10,46.74955368041992
8,11,46.73691177368164
8,12,46.74326705932617
9,1,47.689208984375
9,2,47.68138885498047
9,3,47.66745376586914
9,4,47.665164947509766
9,5,47.639915466308594
9,6,47.61894226074219
9,7,47.610633850097656
9,8,47.602195739746094
9,9,47.588897705078125
9,10,47.572608947753906
9,11,47.55712127685547
9,12,47.56664276123047
10,1,34.18376159667969
10,2,34.18195724487305
10,3,34.194026947021484
10,4,34.16849136352539
10,5,34.18775939941406
10,6,34.19755554199219
10,7,34.198360443115234
10,8,34.19590759277344
10,9,34.20592498779297
10,10,34.2373046875
10,11,34.242645263671875
10,12,34.23495101928711
11,1,32.729835510253906
11,2,32.722042083740234
11,3,32.7314567565918
11,4,32.6964225769043
11,5,32.713111877441406
11,6,32.7209358215332
11,7,32.71632766723633
11,8,32.70692443847656
11,9,32.7126579284668
11,10,32.74362564086914
11,11,32.740684509277344
11,12,32.72473907470703
12,1,31.146886825561523
12,2,31.08115577697754
12,3,31.043798446655273
12,4,30.93948745727539
12,5,30.911819458007812
12,6,30.859966278076172
12,7,30.79793357849121
12,8,30.72503089904785
12,9,30.67410659790039
12,10,30.649145126342773
12,11,30.575054168701172
12,12,30.477359771728516
13,1,86.99568176269531
13,2,86.98241424560547
13,3,86.97235870361328
13,4,86.93321990966797
13,5,86.95291900634766
13,6,86.90117645263672
13,7,86.91940307617188
13,8,86.87146759033203
13,9,86.82723999023438
13,10,86.83378601074219
13,11,86.79193878173828
13,12,86.75425720214844
14,1,59.35826873779297
14,2,59.325950622558594
14,3,59.28300476074219
14,4,59.26183319091797
14,5,59.2056770324707
14,6,59.146156311035156
14,7,59.115516662597656
14,8,59.07538604736328
14,9,59.027137756347656
14,10,58.968624114990234
14,11,58.915706634521484
14,12,58.89519119262695
15,1,47.74329376220703
15,2,47.72604751586914
15,3,47.6972770690918
15,4,47.6885871887207
15,5,47.65736770629883
15,6,47.61422348022461
15,7,47.60009765625
15,8,47.58208084106445
15,9,47.5593376159668
15,10,47.52878952026367
15,11,47.502105712890625
15,12,47.50013732910156
16,1,74.31319427490234
16,2,74.2365951538086
16,3,74.16627502441406
16,4,74.08487701416016
16,5,74.01367950439453
16,6,73.91725158691406
16,7,73.8538589477539
16,8,73.75965881347656
16,9,73.646484375
16,10,73.57123565673828
16,11,73.4669418334961
16,12,73.37870788574219
17,1,78.97794342041016
17,2,78.89207458496094
17,3,78.83715057373047
17,4,78.74537658691406
17,5,78.67320251464844
17,6,78.59174346923828
17,7,78.53510284423828
17,8,78.42070007324219
17,9,78.30622100830078
17,10,78.23893737792969
17,11,78.1385498046875
17,12,78.03990936279297
18,1,71.24312591552734
18,2,71.5007553100586
18,3,71.63668060302734
18,4,71.84709930419922
18,5,72.03955841064453
18,6,72.25569152832031
18,7,72.4670639038086
18,8,72.66014099121094
18,9,72.87956237792969
18,10,73.10761260986328
18,11,73.30060577392578
18,12,73.56901550292969
19,1,45.77463150024414
19,2,45.792762756347656
19,3,45.79446792602539
19,4,45.82115173339844
19,5,45.82151794433594
19,6,45.81447982788086
19,7,45.82233810424805
19,8,45.856876373291016
19,9,45.84386444091797
19,10,45.862369537353516
19,11,45.880859375
19,12,45.90432357788086
20,1,45.16835403442383
20,2,45.154762268066406
20,3,45.14944076538086
20,4,45.14698791503906
20,5,45.13203048706055
20,6,45.088134765625
20,7,45.1005973815918
20,8,45.08293914794922
20,9,45.075008392333984
20,10,45.06815719604492
20,11,45.05305480957031
20,12,45.05598831176758
21,1,40.47195816040039
21,2,40.447757720947266
21,3,40.420379638671875
21,4,40.384300231933594
21,5,40.35846710205078
21,6,40.330787658691406
21,7,40.30299377441406
21,8,40.26942825317383
21,9,40.23924255371094
21,10,40.21872329711914
21,11,40.19066619873047
21,12,40.168277740478516
22,1,38.121334075927734
22,2,38.15407180786133
22,3,38.188011169433594
22,4,38.20924377441406
22,5,38.24339294433594
22,6,38.281986236572266
22,7,38.31379699707031
22,8,38.34818649291992
22,9,38.389102935791016
22,10,38.44099426269531
22,11,38.48357009887695
22,12,38.53062438964844
23,1,26.6881046295166
23,2,26.66985321044922
23,3,26.693342208862305
23,4,26.6310977935791
23,5,26.65471076965332
23,6,26.681684494018555
23,7,26.666038513183594
23,8,26.651145935058594
23,9,26.660846710205078
23,10,26.702491760253906
23,11,26.697696685791016
23,12,26.654138565063477
24,1,23.113311767578125
24,2,23.083372116088867
24,3,23.111406326293945
24,4,23.026992797851562
24,5,23.046300888061523
24,6,23.079805374145508
24,7,23.048076629638672
24,8,23.026430130004883
24,9,23.033716201782227
24,10,23.075597763061523
24,11,23.058279037475586
24,12,22.992345809936523
25,1,61.86758041381836
25,2,61.84504318237305
25,3,61.81435012817383
25,4,61.809234619140625
25,5,61.777584075927734
25,6,61.722843170166016
25,7,61.71584701538086
25,8,61.6922492980957
25,9,61.66392135620117
25,10,61.628082275390625
25,11,61.58896255493164
25,12,61.579917907714844
26,1,54.930389404296875
26,2,55.045711517333984
26,3,55.15317153930664
26,4,55.286746978759766
26,5,55.383872985839844
26,6,55.477989196777344
26,7,55.604278564453125
26,8,55.743247985839844
26,9,55.88222885131836
26,10,55.99521255493164
26,11,56.12607192993164
26,12,56.29375457763672
27,1,35.10114669799805
27,2,35.10328674316406
27,3,35.114131927490234
27,4,35.09556198120117
27,5,35.11446762084961
27,6,35.12504959106445
27,7,35.13029098510742
27,8,35.129737854003906
27,9,35.14112854003906
27,10,35.17241668701172
27,11,35.181480407714844
27,12,35.183475494384766
28,1,42.8726806640625
28,2,42.840362548828125
28,3,42.8102912902832
28,4,42.77072525024414
28,5,42.73435974121094
28,6,42.694068908691406
28,7,42.66007614135742
28,8,42.62321853637695
28,9,42.58674621582031
28,10,42.55432891845703
28,11,42.515602111816406
28,12,42.48493194580078
29,1,61.78300476074219
29,2,61.72569274902344
29,3,61.66624450683594
29,4,61.62061309814453
29,5,61.544898986816406
29,6,61.4613151550293
29,7,61.4046630859375
29,8,61.33071517944336
29,9,61.26129913330078
29,10,61.17308044433594
29,11,61.09751892089844
29,12,61.04130935668945
30,1,43.808536529541016
30,2,43.856689453125
30,3,43.898658752441406
30,4,43.94855499267578
30,5,43.983787536621094
30,6,44.03009796142578
30,7,44.07501983642578
30,8,44.12963104248047
30,9,44.186588287353516
30,10,44.24067687988281
30,11,44.29740524291992
30,12,44.368255615234375
31,1,30.81638526916504
31,2,30.807979583740234
31,3,30.823381423950195
31,4,30.783695220947266
31,5,30.804155349731445
31,6,30.820993423461914
31,7,30.816373825073242
31,8,30.80784797668457
31,9,30.816343307495117
31,10,30.85219383239746
31,11,30.85485076904297
31,12,30.83420181274414
32,1,33.718082427978516
32,2,33.69866943359375
32,3,33.69557571411133
32,4,33.65077209472656
32,5,33.65531921386719
32,6,33.646575927734375
32,7,33.63416290283203
32,8,33.61253356933594
32,9,33.60138702392578
32,10,33.614803314208984
32,11,33.60099411010742
32,12,33.570091247558594
33,1,35.65386962890625
33,2,35.644081115722656
33,3,35.642791748046875
33,4,35.6146240234375
33,5,35.61894607543945
33,6,35.61525344848633
33,7,35.60682678222656
33,8,35.59474182128906
33,9,35.59159851074219
33,10,35.60547637939453
33,11,35.6008186340332
33,12,35.58742904663086
34,1,30.219907760620117
34,2,30.2106876373291
34,3,30.22985076904297
34,4,30.18552589416504
34,5,30.209598541259766
34,6,30.230701446533203
34,7,30.225915908813477
34,8,30.21800994873047
34,9,30.227542877197266
34,10,30.268348693847656
34,11,30.27076530456543
34,12,30.248245239257812
35,1,94.42058563232422
35,2,94.43023681640625
35,3,94.4330062866211
35,4,94.41200256347656
35,5,94.46011352539062
35,6,94.44127655029297
35,7,94.47370147705078
35,8,94.43463897705078
35,9,94.41849517822266
35,10,94.44978332519531
35,11,94.43817138671875
35,12,94.42467498779297
36,1,69.72864532470703
36,2,69.75240325927734
36,3,69.77875518798828
36,4,69.80046081542969
36,5,69.82715606689453
36,6,69.82544708251953
36,7,69.86688232421875
36,8,69.88784790039062
36,9,69.91646575927734
36,10,69.93614959716797
36,11,69.9463882446289
36,12,69.97745513916016
37,1,27.91914939880371
37,2,27.8897705078125
37,3,27.8979434967041
37,4,27.825531005859375
37,5,27.835344314575195
37,6,27.845008850097656
37,7,27.817588806152344
37,8,27.7882022857666
37,9,27.781471252441406
37,10,27.805526733398438
37,11,27.785402297973633
37,12,27.729787826538086
38,1,29.002065658569336
38,2,28.97722625732422
38,3,28.984710693359375
38,4,28.919879913330078
38,5,28.93145179748535
38,6,28.9405517578125
38,7,28.91754913330078
38,8,28.89122200012207
38,9,28.88592529296875
38,10,28.912185668945312
38,11,28.895475387573242
38,12,28.847745895385742
39,1,24.637157440185547
39,2,24.610254287719727
39,3,24.633607864379883
39,4,24.556455612182617
39,5,24.575780868530273
39,6,24.603490829467773
39,7,24.575864791870117
39,8,24.554767608642578
39,9,24.55984878540039
39,10,24.599504470825195
39,11,24.584794998168945
39,12,24.525299072265625
40,1,22.869319915771484
40,2,22.837873458862305
40,3,22.864503860473633
40,4,22.777345657348633
40,5,22.79655647277832
40,6,22.82775115966797
40,7,22.79424285888672
40,8,22.76998519897461
40,9,22.775259017944336
40,10,22.815000534057617
40,11,22.796932220458984
40,12,22.725753784179688
41,1,49.366390228271484
41,2,49.35547637939453
41,3,49.3363037109375
41,4,49.33469772338867
41,5,49.30918884277344
41,6,49.27621841430664
41,7,49.26904296875
41,8,49.25791549682617
41,9,49.24022674560547
41,10,49.21871566772461
41,11,49.200443267822266
41,12,49.20847702026367
42,1,50.92311477661133
42,2,50.91646194458008
42,3,50.89594650268555
42,4,50.901981353759766
42,5,50.876853942871094
42,6,50.847694396972656
42,7,50.842830657958984
42,8,50.83213424682617
42,9,50.821659088134766
42,10,50.7954216003418
42,11,50.7823371887207
42,12,50.794708251953125
43,1,36.7237663269043
43,2,36.73256301879883
43,3,36.725948333740234
43,4,36.71720504760742
43,5,36.73744201660156
43,6,36.73359298706055
43,7,36.73704147338867
43,8,36.738494873046875
43,9,36.7489128112793
43,10,36.77912902832031
43,11,36.778560638427734
43,12,36.7740592956543
44,1,35.56184768676758
44,2,35.5576171875
44,3,35.56009292602539
44,4,35.538455963134766
44,5,35.552085876464844
44,6,35.548240661621094
44,7,35.54948425292969
44,8,35.54286193847656
44,9,35.54759979248047
44,10,35.56972885131836
44,11,35.57084274291992
44,12,35.564796447753906
45,1,78.47903442382812
45,2,78.35740661621094
45,3,78.22940826416016
45,4,78.09162902832031
45,5,77.98479461669922
45,6,77.81668090820312
45,7,77.71958923339844
45,8,77.53231811523438
45,9,77.36381530761719
45,10,77.22576904296875
45,11,77.0647201538086
45,12,76.89346313476562
46,1,75.79254150390625
46,2,76.00459289550781
46,3,76.22431945800781
46,4,76.45376586914062
46,5,76.69000244140625
46,6,76.87052917480469
46,7,77.12559509277344
46,8,77.36983489990234
46,9,77.63886260986328
46,10,77.89629364013672
46,11,78.13522338867188
46,12,78.39525604248047
47,1,42.518035888671875
47,2,42.517677307128906
47,3,42.51675796508789
47,4,42.51637649536133
47,5,42.51540756225586
47,6,42.505821228027344
47,7,42.50870132446289
47,8,42.51184844970703
47,9,42.51507568359375
47,10,42.52102279663086
47,11,42.523189544677734
47,12,42.53627014160156
48,1,86.74445343017578
48,2,86.59756469726562
48,3,86.45146179199219
48,4,86.27200317382812
48,5,86.06441497802734
48,6,85.87263488769531
48,7,85.67173767089844
48,8,85.4850082397461
48,9,85.24234008789062
48,10,85.04584503173828
48,11,84.8079833984375
48,12,84.51903533935547
49,1,49.838890075683594
49,2,49.88539505004883
49,3,49.92382049560547
49,4,49.97783660888672
49,5,50.00440979003906
49,6,50.0431022644043
49,7,50.08796310424805
49,8,50.14146041870117
49,9,50.1921501159668
49,10,50.23433303833008
49,11,50.283626556396484
49,12,50.358543395996094
50,1,80.23527526855469
50,2,80.12348937988281
50,3,80.018310546875
50,4,79.88726043701172
50,5,79.78646850585938
50,6,79.65882110595703
50,7,79.55537414550781
50,8,79.4028091430664
50,9,79.24990844726562
50,10,79.12989807128906
50,11,78.980224609375
50,12,78.83744812011719
51,1,53.35783386230469
51,2,53.37368392944336
51,3,53.379146575927734
51,4,53.40951156616211
51,5,53.40047836303711
51,6,53.39585494995117
51,7,53.41064453125
51,8,53.43198776245117
51,9,53.445167541503906
51,10,53.44451141357422
51,11,53.45547103881836
51,12,53.49821853637695
52,1,66.67569732666016
52,2,66.49114990234375
52,3,66.30736541748047
52,4,66.1210708618164
52,5,65.92655181884766
52,6,65.7086410522461
52,7,65.52863311767578
52,8,65.30693817138672
52,9,65.0706787109375
52,10,64.84871673583984
52,11,64.61929321289062
52,12,64.40253448486328
53,1,107.36370086669922
53,2,107.37955474853516
53,3,107.37200927734375
53,4,107.33940124511719
53,5,107.41381072998047
53,6,107.38129425048828
53,7,107.43750762939453
53,8,107.37113952636719
53,9,107.3286361694336
53,10,107.38203430175781
53,11,107.36399841308594
53,12,107.34720611572266
54,1,54.28774642944336
54,2,54.34803771972656
54,3,54.40098571777344
54,4,54.47677230834961
54,5,54.51637268066406
54,6,54.5595703125
54,7,54.624881744384766
54,8,54.69865417480469
54,9,54.769412994384766
54,10,54.82341003417969
54,11,54.88594055175781
54,12,54.985870361328125
55,1,77.28893280029297
55,2,77.15083312988281
55,3,77.01786804199219
55,4,76.86216735839844
55,5,76.72706604003906
55,6,76.57030487060547
55,7,76.43731689453125
55,8,76.25853729248047
55,9,76.0593490600586
55,10,75.91399383544922
55,11,75.7336196899414
55,12,75.54999542236328
56,1,94.2231674194336
56,2,94.23969268798828
56,3,94.25709533691406
56,4,94.23917388916016
56,5,94.2957992553711
56,6,94.2869873046875
56,7,94.33418273925781
56,8,94.30482482910156
56,9,94.29077911376953
56,10,94.33861541748047
56,11,94.33328247070312
56,12,94.33333587646484
57,1,48.44322204589844
57,2,48.49467468261719
57,3,48.53323745727539
57,4,48.59968948364258
57,5,48.63340377807617
57,6,48.66305160522461
57,7,48.71722412109375
57,8,48.78068542480469
57,9,48.840599060058594
57,10,48.88528823852539
57,11,48.94107437133789
57,12,49.02543640136719
58,1,39.19186019897461
58,2,39.18825912475586
58,3,39.19047927856445
58,4,39.17366027832031
58,5,39.17962646484375
58,6,39.177371978759766
58,7,39.17837905883789
58,8,39.173683166503906
58,9,39.175933837890625
58,10,39.193275451660156
58,11,39.19116973876953
58,12,39.193450927734375
59,1,41.280208587646484
59,2,41.278846740722656
59,3,41.28099822998047
59,4,41.26242446899414
59,5,41.247413635253906
59,6,41.26469039916992
59,7,41.29134750366211
59,8,41.2839469909668
59,9,41.30326843261719
59,10,41.29420852661133
59,11,41.271202087402344
59,12,41.34789276123047
60,1,51.029937744140625
60,2,51.10820770263672
60,3,51.22511672973633
60,4,51.3248291015625
60,5,51.26605987548828
60,6,51.389198303222656
60,7,51.3859748840332
60,8,51.534515380859375
60,9,51.669189453125
60,10,51.709388732910156
60,11,51.71382141113281
60,12,51.915679931640625
61,1,68.43587493896484
61,2,68.41959381103516
61,3,68.40250396728516
61,4,68.3953628540039
61,5,68.38435363769531
61,6,68.34058380126953
61,7,68.34671783447266
61,8,68.32269287109375
61,9,68.3030014038086
61,10,68.2836685180664
61,11,68.25521850585938
61,12,68.24893951416016
62,1,82.25324249267578
62,2,82.25137329101562
62,3,82.25715637207031
62,4,82.24159240722656
62,5,82.25439453125
62,6,82.2313461303711
62,7,82.24819946289062
62,8,82.21858978271484
62,9,82.2001953125
62,10,82.20609283447266
62,11,82.19326782226562
62,12,82.17850494384766
63,1,91.46871948242188
63,2,91.47393035888672
63,3,91.47870635986328
63,4,91.45306396484375
63,5,91.48436737060547
63,6,91.47196197509766
63,7,91.50205993652344
63,8,91.46192932128906
63,9,91.42975616455078
63,10,91.46102142333984
63,11,91.44239807128906
63,12,91.43090057373047
64,1,77.7046127319336
64,2,77.72454071044922
64,3,77.75466918945312
64,4,77.76652526855469
64,5,77.79347229003906
64,6,77.79118347167969
64,7,77.82482147216797
64,8,77.8408203125
64,9,77.85954284667969
64,10,77.88855743408203
64,11,77.88937377929688
64,12,77.91304016113281
65,1,46.9778938293457
65,2,47.0157585144043
65,3,47.049842834472656
65,4,47.091094970703125
65,5,47.11597442626953
65,6,47.14744186401367
65,7,47.18568801879883
65,8,47.229679107666016
65,9,47.2723388671875
65,10,47.3112907409668
65,11,47.35498809814453
65,12,47.41877746582031
66,1,59.86697006225586
66,2,59.86528778076172
66,3,59.853328704833984
66,4,59.86863327026367
66,5,59.85123062133789
66,6,59.81722640991211
66,7,59.82514572143555
66,8,59.826568603515625
66,9,59.819915771484375
66,10,59.80002212524414
66,11,59.78821563720703
66,12,59.80991744995117
67,1,75.01614379882812
67,2,75.12823486328125
67,3,75.35055541992188
67,4,75.53129577636719
67,5,75.69050598144531
67,6,75.81751251220703
67,7,76.01956939697266
67,8,76.22290802001953
67,9,76.28679656982422
67,10,76.48759460449219
67,11,76.65909576416016
67,12,76.89813995361328
68,1,48.051475524902344
68,2,48.09560775756836
68,3,48.13420867919922
68,4,48.1833610534668
68,5,48.20976257324219
68,6,48.248321533203125
68,7,48.29095458984375
68,8,48.341854095458984
68,9,48.391536712646484
68,10,48.43412780761719
68,11,48.482913970947266
68,12,48.55573654174805
69,1,43.550636291503906
69,2,43.58842849731445
69,3,43.623817443847656
69,4,43.659603118896484
69,5,43.68678283691406
69,6,43.724369049072266
69,7,43.75927734375
69,8,43.802486419677734
69,9,43.846797943115234
69,10,43.89152526855469
69,11,43.935115814208984
69,12,43.994930267333984
70,1,35.70292663574219
70,2,35.71442794799805
70,3,35.73490524291992
70,4,35.72892379760742
70,5,35.754268646240234
70,6,35.77729797363281
70,7,35.79231262207031
70,8,35.80447006225586
70,9,35.826114654541016
70,10,35.866294860839844
70,11,35.888092041015625
70,12,35.903812408447266
71,1,30.491004943847656
71,2,30.47565460205078
71,3,30.48792839050293
71,4,30.438310623168945
71,5,30.454572677612305
71,6,30.467971801757812
71,7,30.45597267150879
71,8,30.440765380859375
71,9,30.44346046447754
71,10,30.474889755249023
71,11,30.468982696533203
71,12,30.437576293945312
72,1,23.193302154541016
72,2,23.14556121826172
72,3,23.156383514404297
72,4,23.053102493286133
72,5,23.057445526123047
72,6,23.066871643066406
72,7,23.017688751220703
72,8,22.976179122924805
72,9,22.963777542114258
72,10,22.98404312133789
72,11,22.94548797607422
72,12,22.85252571105957
73,1,29.588762283325195
73,2,29.561403274536133
73,3,29.564876556396484
73,4,29.500080108642578
73,5,29.507781982421875
73,6,29.51173210144043
73,7,29.48820686340332
73,8,29.458560943603516
73,9,29.449275970458984
73,10,29.470808029174805
73,11,29.451129913330078
73,12,29.402931213378906
74,1,31.263456344604492
74,2,31.24224090576172
74,3,31.247764587402344
74,4,31.192975997924805
74,5,31.20035171508789
74,6,31.205257415771484
74,7,31.18681526184082
74,8,31.163625717163086
74,9,31.158100128173828
74,10,31.17831802368164
74,11,31.16488265991211
74,12,31.128984451293945
75,1,31.750507354736328
75,2,31.731935501098633
75,3,31.735315322875977
75,4,31.686532974243164
75,5,31.693754196166992
75,6,31.69939422607422
75,7,31.682714462280273
75,8,31.66221809387207
75,9,31.656816482543945
75,10,31.67869758605957
75,11,31.667123794555664
75,12,31.63690185546875
76,1,29.09840965270996
76,2,29.08726692199707
76,3,29.10863494873047
76,4,29.05976676940918
76,5,29.084518432617188
76,6,29.108489990234375
76,7,29.102214813232422
76,8,29.091773986816406
76,9,29.101715087890625
76,10,29.143672943115234
76,11,29.14589500427246
76,12,29.11797332763672
77,1,24.921255111694336
77,2,24.89369010925293
77,3,24.915252685546875
77,4,24.837661743164062
77,5,24.856000900268555
77,6,24.880769729614258
77,7,24.853151321411133
77,8,24.830615997314453
77,9,24.834938049316406
77,10,24.872146606445312
77,11,24.856143951416016
77,12,24.79489517211914
78,1,23.78658103942871
78,2,23.756593704223633
78,3,23.779767990112305
78,4,23.69811248779297
78,5,23.71671485900879
78,6,23.743242263793945
78,7,23.712963104248047
78,8,23.6884765625
78,9,23.694068908691406
78,10,23.732051849365234
78,11,23.714216232299805
78,12,23.647872924804688
79,1,23.38893699645996
79,2,23.357894897460938
79,3,23.381229400634766
79,4,23.29680061340332
79,5,23.315433502197266
79,6,23.342432022094727
79,7,23.31038475036621
79,8,23.28515625
79,9,23.289485931396484
79,10,23.328125
79,11,23.308658599853516
79,12,23.239717483520508
80,1,49.10691833496094
80,2,48.80423355102539
80,3,48.507545471191406
80,4,48.19883728027344
80,5,47.924407958984375
80,6,47.55904006958008
80,7,47.27379608154297
80,8,46.93547058105469
80,9,46.596763610839844
80,10,46.27375411987305
80,11,45.89545440673828
80,12,45.524837493896484
81,1,64.20452880859375
81,2,64.20569610595703
81,3,64.20414733886719
81,4,64.2206039428711
81,5,64.21981811523438
81,6,64.18342590332031
81,7,64.20716094970703
81,8,64.21086883544922
81,9,64.2118148803711
81,10,64.20957946777344
81,11,64.19747161865234
81,12,64.2158203125
82,1,69.6592025756836
82,2,69.74565124511719
82,3,69.8267593383789
82,4,69.91954040527344
82,5,70.00736999511719
82,6,70.05290222167969
82,7,70.15750885009766
82,8,70.2581558227539
82,9,70.35354614257812
82,10,70.44905090332031
82,11,70.52543640136719
82,12,70.63124084472656
83,1,63.003108978271484
83,2,63.08620834350586
83,3,63.165130615234375
83,4,63.27193069458008
83,5,63.35459899902344
83,6,63.403682708740234
83,7,63.51043701171875
83,8,63.613929748535156
83,9,63.722381591796875
83,10,63.81037139892578
83,11,63.898582458496094
83,12,64.0191421508789
84,1,30.536090850830078
84,2,30.499948501586914
84,3,30.49164581298828
84,4,30.42040252685547
84,5,30.416017532348633
84,6,30.40651512145996
84,7,30.372539520263672
84,8,30.333406448364258
84,9,30.311853408813477
84,10,30.317956924438477
84,11,30.28733253479004
84,12,30.22926902770996
85,1,36.005760192871094
85,2,35.98952102661133
85,3,35.981895446777344
85,4,35.94976043701172
85,5,35.94804763793945
85,6,35.939109802246094
85,7,35.92690658569336
85,8,35.90906524658203
85,9,35.8958625793457
85,10,35.903472900390625
85,11,35.893314361572266
85,12,35.87615203857422
86,1,37.71256637573242
86,2,37.70437240600586
86,3,37.699092864990234
86,4,37.68106460571289
86,5,37.68226623535156
86,6,37.672119140625
86,7,37.669769287109375
86,8,37.659339904785156
86,9,37.656585693359375
86,10,37.664833068847656
86,11,37.66176986694336
86,12,37.65727615356445
87,1,38.27224349975586
87,2,38.26691818237305
87,3,38.266204833984375
87,4,38.25199890136719
87,5,38.25408935546875
87,6,38.247135162353516
87,7,38.24702453613281
87,8,38.24127197265625
87,9,38.2413215637207
87,10,38.253597259521484
87,11,38.25304412841797
87,12,38.25746536254883
88,1,38.50703811645508
88,2,38.50226593017578
88,3,38.49934387207031
88,4,38.48377990722656
88,5,38.48585891723633
88,6,38.47821807861328
88,7,38.47670364379883
88,8,38.469505310058594
88,9,38.46853256225586
88,10,38.47900390625
88,11,38.4773063659668
88,12,38.478145599365234
89,1,30.323509216308594
89,2,30.317869186401367
89,3,30.338321685791016
89,4,30.298110961914062
89,5,30.323963165283203
89,6,30.347047805786133
89,7,30.344741821289062
89,8,30.33916473388672
89,9,30.352956771850586
89,10,30.393802642822266
89,11,30.399736404418945
89,12,30.38123893737793
90,1,25.079530715942383
90,2,25.05354881286621
90,3,25.075727462768555
90,4,25.00135612487793
90,5,25.020320892333984
90,6,25.04570960998535
90,7,25.020639419555664
90,8,24.99940299987793
90,9,25.005544662475586
90,10,25.043411254882812
90,11,25.030025482177734
90,12,24.972373962402344
91,1,23.282108306884766
91,2,23.252473831176758
91,3,23.277437210083008
91,4,23.192747116088867
91,5,23.21297264099121
91,6,23.243064880371094
91,7,23.212356567382812
91,8,23.188634872436523
91,9,23.193483352661133
91,10,23.234209060668945
91,11,23.217004776000977
91,12,23.1488094329834
92,1,35.80725860595703
92,2,35.796424865722656
92,3,35.79600524902344
92,4,35.76624298095703
92,5,35.76938247680664
92,6,35.772254943847656
92,7,35.76446533203125
92,8,35.75050735473633
92,9,35.74386978149414
92,10,35.75947189331055
92,11,35.75528335571289
92,12,35.74380111694336
93,1,30.912626266479492
93,2,30.907451629638672
93,3,30.926742553710938
93,4,30.88798713684082
93,5,30.91053009033203
93,6,30.93421745300293
93,7,30.929773330688477
93,8,30.924654006958008
93,9,30.935836791992188
93,10,30.975345611572266
93,11,30.98065757751465
93,12,30.96360206604004
94,1,46.315208435058594
94,2,46.277095794677734
94,3,46.24252700805664
94,4,46.20357131958008
94,5,46.156715393066406
94,6,46.11095428466797
94,7,46.075172424316406
94,8,46.03469467163086
94,9,45.99318313598633
94,10,45.94911193847656
94,11,45.902252197265625
94,12,45.875755310058594
95,1,37.945011138916016
95,2,37.91913604736328
95,3,37.91390609741211
95,4,37.84014129638672
95,5,37.81135177612305
95,6,37.85228729248047
95,7,37.78783416748047
95,8,37.742103576660156
95,9,37.69879150390625
95,10,37.69832992553711
95,11,37.682228088378906
95,12,37.628597259521484
96,1,34.777889251708984
96,2,34.79109573364258
96,3,34.817657470703125
96,4,34.80964279174805
96,5,34.839229583740234
96,6,34.86984634399414
96,7,34.88763427734375
96,8,34.901214599609375
96,9,34.92688751220703
96,10,34.972801208496094
96,11,34.99906921386719
96,12,35.01578140258789
97,1,39.16753005981445
97,2,38.8906364440918
97,3,38.56092834472656
97,4,38.32334899902344
97,5,37.9984016418457
97,6,37.6514892578125
97,7,37.2834358215332
97,8,36.962825775146484
97,9,36.721282958984375
97,10,36.278045654296875
97,11,35.93967056274414
97,12,35.519474029541016
98,1,97.25120544433594
98,2,97.2575912475586
98,3,97.2459945678711
98,4,97.2240219116211
98,5,97.25662231445312
98,6,97.2283935546875
98,7,97.2505111694336
98,8,97.20433044433594
98,9,97.15533447265625
98,10,97.18551635742188
98,11,97.1633071899414
98,12,97.14006805419922
99,1,41.83855438232422
99,2,41.856414794921875
99,3,41.87471389770508
99,4,41.88689041137695
99,5,41.89732360839844
99,6,41.918922424316406
99,7,41.93314743041992
99,8,41.95270919799805
99,9,41.97545623779297
99,10,42.0009765625
99,11,42.02289962768555
99,12,42.05705261230469
100,1,70.00447082519531
100,2,70.11647033691406
100,3,70.22911071777344
100,4,70.35857391357422
100,5,70.47682189941406
100,6,70.54914855957031
100,7,70.68608856201172
100,8,70.82235717773438
100,9,70.96383666992188
100,10,71.08869934082031
100,11,71.19940948486328
100,12,71.34504699707031
101,1,71.12333679199219
101,2,71.25408172607422
101,3,71.3829574584961
101,4,71.52879333496094
101,5,71.66905975341797
101,6,71.7636947631836
101,7,71.9306869506836
101,8,72.08271789550781
101,9,72.24665832519531
101,10,72.39915466308594
101,11,72.53531646728516
101,12,72.7132339477539
102,1,41.04022979736328
102,2,41.0194206237793
102,3,41.003047943115234
102,4,40.96967697143555
102,5,40.95027542114258
102,6,40.93181228637695
102,7,40.91124725341797
102,8,40.885257720947266
102,9,40.8614387512207
102,10,40.85047149658203
102,11,40.828758239746094
102,12,40.806884765625
103,1,43.96190643310547
103,2,43.95235824584961
103,3,43.940887451171875
103,4,43.92816162109375
103,5,43.90729522705078
103,6,43.89360427856445
103,7,43.88022994995117
103,8,43.86739730834961
103,9,43.855106353759766
103,10,43.84312438964844
103,11,43.83058547973633
103,12,43.829795837402344
104,1,32.26901626586914
104,2,32.26187515258789
104,3,32.276344299316406
104,4,32.23945617675781
104,5,32.25804138183594
104,6,32.27198028564453
104,7,32.26771545410156
104,8,32.261314392089844
104,9,32.26897048950195
104,10,32.30317687988281
104,11,32.3036003112793
104,12,32.28770446777344
105,1,30.846851348876953
105,2,30.83235740661621
105,3,30.841529846191406
105,4,30.793813705444336
105,5,30.810100555419922
105,6,30.817914962768555
105,7,30.80608367919922
105,8,30.79013442993164
105,9,30.793182373046875
105,10,30.821523666381836
105,11,30.814170837402344
105,12,30.78439712524414
106,1,109.51161193847656
106,2,109.52714538574219
106,3,109.51648712158203
106,4,109.48177337646484
106,5,109.56364440917969
106,6,109.53738403320312
106,7,109.59884643554688
106,8,109.52584075927734
106,9,109.47468566894531
106,10,109.54045104980469
106,11,109.52314758300781
106,12,109.5045394897461
107,1,74.60076904296875
107,2,74.72071838378906
107,3,74.85733032226562
107,4,74.98365783691406
107,5,75.11962890625
107,6,75.2092056274414
107,7,75.34545135498047
107,8,75.49861907958984
107,9,75.661376953125
107,10,75.79705047607422
107,11,75.92765808105469
107,12,76.07907104492188
108,1,58.45389938354492
108,2,58.450191497802734
108,3,58.437747955322266
108,4,58.451663970947266
108,5,58.44287109375
108,6,58.40427780151367
108,7,58.4171028137207
108,8,58.42262649536133
108,9,58.41387176513672
108,10,58.40229797363281
108,11,58.39059066772461
108,12,58.40793228149414
109,1,42.38615798950195
109,2,42.42159652709961
109,3,42.45408630371094
109,4,42.4850959777832
109,5,42.515296936035156
109,6,42.5487060546875
109,7,42.58418655395508
109,8,42.62359619140625
109,9,42.66583251953125
109,10,42.713134765625
109,11,42.753929138183594
109,12,42.80918502807617
110,1,37.55314636230469
110,2,37.55986785888672
110,3,37.5687370300293
110,4,37.56020736694336
110,5,37.576377868652344
110,6,37.582908630371094
110,7,37.59280014038086
110,8,37.596187591552734
110,9,37.60838317871094
110,10,37.6366081237793
110,11,37.64624786376953
110,12,37.659576416015625
111,1,93.68653106689453
111,2,93.57361602783203
111,3,93.44304656982422
111,4,93.29443359375
111,5,93.20147705078125
111,6,93.04479217529297
111,7,92.9449691772461
111,8,92.75463104248047
111,9,92.55913543701172
111,10,92.43743133544922
111,11,92.2706298828125
111,12,92.10133361816406
112,1,57.59021759033203
112,2,57.627559661865234
112,3,57.657718658447266
112,4,57.71046829223633
112,5,57.72278594970703
112,6,57.743465423583984
112,7,57.78105926513672
112,8,57.828033447265625
112,9,57.866111755371094
112,10,57.89206314086914
112,11,57.92552947998047
112,12,57.995216369628906
113,1,43.47292709350586
113,2,43.37269973754883
113,3,43.27219772338867
113,4,43.1670036315918
113,5,43.07061004638672
113,6,42.943607330322266
113,7,42.846534729003906
113,8,42.734588623046875
113,9,42.62379455566406
113,10,42.513668060302734
113,11,42.38858413696289
113,12,42.27003479003906
114,1,61.59111022949219
114,2,61.60554122924805
114,3,61.6152458190918
114,4,61.648197174072266
114,5,61.6343994140625
114,6,61.634483337402344
114,7,61.64812469482422
114,8,61.67073059082031
114,9,61.683292388916016
114,10,61.68140411376953
114,11,61.68527603149414
114,12,61.728599548339844
115,1,96.76178741455078
115,2,96.86453247070312
115,3,97.08769989013672
115,4,97.06385803222656
115,5,97.32445526123047
115,6,97.43785858154297
115,7,97.65380859375
115,8,97.8180160522461
115,9,97.86893463134766
115,10,98.15087890625
115,11,98.28871154785156
115,12,98.43107604980469
116,1,79.96797943115234
116,2,80.01887512207031
116,3,80.06537628173828
116,4,80.1087646484375
116,5,80.17586517333984
116,6,80.19078063964844
116,7,80.26100158691406
116,8,80.30118560791016
116,9,80.3475112915039
116,10,80.4118423461914
116,11,80.44458770751953
116,12,80.50000762939453
117,1,86.50579833984375
117,2,86.47883605957031
117,3,86.45268249511719
117,4,86.40501403808594
117,5,86.39297485351562
117,6,86.34716796875
117,7,86.3321762084961
117,8,86.27091217041016
117,9,86.2102279663086
117,10,86.1959228515625
117,11,86.13556671142578
117,12,86.09232330322266
118,1,93.56990051269531
118,2,93.58811950683594
118,3,93.60891723632812
118,4,93.59009552001953
118,5,93.6610107421875
118,6,93.64189147949219
118,7,93.69953155517578
118,8,93.6695556640625
118,9,93.67025756835938
118,10,93.7132339477539
118,11,93.72028350830078
118,12,93.70289611816406
119,1,47.843284606933594
119,2,47.873069763183594
119,3,47.890201568603516
119,4,47.932010650634766
119,5,47.947330474853516
119,6,47.952449798583984
119,7,47.987518310546875
119,8,48.02494812011719
119,9,48.05885314941406
119,10,48.0810432434082
119,11,48.11112594604492
119,12,48.16916275024414
120,1,42.556549072265625
120,2,42.55255126953125
120,3,42.54598617553711
120,4,42.539791107177734
120,5,42.53583526611328
120,6,42.51889419555664
120,7,42.51884078979492
120,8,42.51416778564453
120,9,42.51327133178711
120,10,42.51544189453125
120,11,42.509193420410156
120,12,42.51475524902344
121,1,55.06570053100586
121,2,55.040958404541016
121,3,55.00764465332031
121,4,54.993289947509766
121,5,54.94997787475586
121,6,54.90008544921875
121,7,54.87788772583008
121,8,54.8487548828125
121,9,54.814178466796875
121,10,54.76777648925781
121,11,54.730186462402344
121,12,54.71924591064453
122,1,58.657806396484375
122,2,58.64915084838867
122,3,58.633453369140625
122,4,58.63882064819336
122,5,58.61358642578125
122,6,58.579776763916016
122,7,58.57756423950195
122,8,58.57132339477539
122,9,58.556148529052734
122,10,58.53200912475586
122,11,58.51176071166992
122,12,58.52041244506836
123,1,40.72608184814453
123,2,40.746273040771484
123,3,40.76423645019531
123,4,40.77773666381836
123,5,40.79747772216797
123,6,40.816200256347656
123,7,40.83759307861328
123,8,40.85823059082031
123,9,40.8824577331543
123,10,40.91618728637695
123,11,40.94227600097656
123,12,40.977413177490234
124,1,36.61153030395508
124,2,36.60547637939453
124,3,36.608402252197266
124,4,36.58549880981445
124,5,36.601654052734375
124,6,36.59288787841797
124,7,36.59622573852539
124,8,36.58921432495117
124,9,36.592220306396484
124,10,36.615352630615234
124,11,36.617496490478516
124,12,36.610408782958984
125,1,27.7011775970459
125,2,27.632614135742188
125,3,27.602903366088867
125,4,27.491018295288086
125,5,27.46503448486328
125,6,27.426137924194336
125,7,27.358009338378906
125,8,27.288166046142578
125,9,27.23991584777832
125,10,27.220666885375977
125,11,27.14842414855957
125,12,27.03877830505371
126,1,43.921939849853516
126,2,43.90911865234375
126,3,43.89555740356445
126,4,43.87669372558594
126,5,43.8522834777832
126,6,43.840213775634766
126,7,43.82240676879883
126,8,43.804351806640625
126,9,43.784671783447266
126,10,43.771820068359375
126,11,43.7563591003418
126,12,43.752803802490234
127,1,46.51167678833008
127,2,46.50351333618164
127,3,46.49232864379883
127,4,46.48261642456055
127,5,46.45856475830078
127,6,46.446720123291016
127,7,46.4333610534668
127,8,46.422035217285156
127,9,46.408851623535156
127,10,46.39406204223633
127,11,46.382164001464844
127,12,46.388885498046875
128,1,37.7153434753418
128,2,37.74436950683594
128,3,37.77792739868164
128,4,37.79609298706055
128,5,37.8294563293457
128,6,37.866825103759766
128,7,37.897579193115234
128,8,37.93000793457031
128,9,37.967864990234375
128,10,38.01869201660156
128,11,38.060523986816406
128,12,38.103492736816406
129,1,29.174617767333984
129,2,29.1582088470459
129,3,29.17283058166504
129,4,29.11808967590332
129,5,29.13797378540039
129,6,29.154218673706055
129,7,29.14073944091797
129,8,29.124156951904297
129,9,29.128984451293945
129,10,29.163692474365234
129,11,29.15778350830078
129,12,29.1208553314209
130,1,27.23018455505371
130,2,27.216327667236328
130,3,27.2421817779541
130,4,27.185184478759766
130,5,27.209884643554688
130,6,27.24139404296875
130,7,27.23014259338379
130,8,27.218082427978516
130,9,27.229576110839844
130,10,27.275766372680664
130,11,27.275089263916016
130,12,27.238101959228516
131,1,37.51531982421875
131,2,37.498172760009766
131,3,37.50004196166992
131,4,37.45235824584961
131,5,37.466190338134766
131,6,37.462406158447266
131,7,37.46735382080078
131,8,37.44083786010742
131,9,37.45923614501953
131,10,37.44584655761719
131,11,37.452049255371094
131,12,37.487754821777344
132,1,35.48481750488281
132,2,35.5040397644043
132,3,35.53349304199219
132,4,35.53324890136719
132,5,35.56543731689453
132,6,35.59939193725586
132,7,35.62043380737305
132,8,35.640018463134766
132,9,35.670677185058594
132,10,35.71943283081055
132,11,35.750953674316406
132,12,35.77511215209961
133,1,35.19929504394531
133,2,35.216392517089844
133,3,35.245323181152344
133,4,35.2409553527832
133,5,35.27189636230469
133,6,35.30647277832031
133,7,35.32537841796875
133,8,35.34229278564453
133,9,35.37062454223633
133,10,35.41949462890625
133,11,35.44853210449219
133,12,35.46959686279297
134,1,46.57534408569336
134,2,46.57546615600586
134,3,46.57028579711914
134,4,46.573177337646484
134,5,46.590423583984375
134,6,46.56938934326172
134,7,46.60017013549805
134,8,46.594688415527344
134,9,46.59141540527344
134,10,46.60723114013672
134,11,46.62035369873047
134,12,46.644718170166016
135,1,72.13276672363281
135,2,72.27791595458984
135,3,72.37984466552734
135,4,72.54655456542969
135,5,72.68793487548828
135,6,72.7770004272461
135,7,72.93919372558594
135,8,73.09387969970703
135,9,73.21202850341797
135,10,73.40546417236328
135,11,73.531005859375
135,12,73.68359375
136,1,75.70243072509766
136,2,75.39686584472656
136,3,75.26944732666016
136,4,74.80012512207031
136,5,74.55919647216797
136,6,74.39019012451172
136,7,74.24845123291016
136,8,73.8467788696289
136,9,73.44690704345703
136,10,73.10897827148438
136,11,72.86194610595703
136,12,72.49153900146484
137,1,63.91878128051758
137,2,63.92304992675781
137,3,63.924686431884766
137,4,63.94536209106445
137,5,63.92631530761719
137,6,63.91415786743164
137,7,63.92164611816406
137,8,63.92915344238281
137,9,63.929447174072266
137,10,63.919166564941406
137,11,63.911041259765625
137,12,63.937294006347656
138,1,67.39987182617188
138,2,67.44856262207031
138,3,67.49162292480469
138,4,67.5579833984375
138,5,67.59038543701172
138,6,67.60865783691406
138,7,67.66577911376953
138,8,67.72655487060547
138,9,67.78280639648438
138,10,67.8232650756836
138,11,67.859130859375
138,12,67.93490600585938
139,1,78.8926010131836
139,2,78.98099517822266
139,3,79.06501007080078
139,4,79.15604400634766
139,5,79.25341796875
139,6,79.30447387695312
139,7,79.41449737548828
139,8,79.5041732788086
139,9,79.60338592529297
139,10,79.7061996459961
139,11,79.78291320800781
139,12,79.88841247558594
140,1,65.43246459960938
140,2,65.39314270019531
140,3,65.23684692382812
140,4,65.29268646240234
140,5,65.34761047363281
140,6,65.05498504638672
140,7,65.0373306274414
140,8,64.86737060546875
140,9,64.90947723388672
140,10,64.79846954345703
140,11,64.7461929321289
140,12,64.58250427246094
141,1,87.54877471923828
141,2,87.5094223022461
141,3,87.61417388916016
141,4,87.52761840820312
141,5,87.56845092773438
141,6,87.61712646484375
141,7,87.62141418457031
141,8,87.60964965820312
141,9,87.60855865478516
141,10,87.59164428710938
141,11,87.60392761230469
141,12,87.54967498779297
142,1,57.939273834228516
142,2,58.01726150512695
142,3,58.0877685546875
142,4,58.18355178833008
142,5,58.24089431762695
142,6,58.29750442504883
142,7,58.38442611694336
142,8,58.47834777832031
142,9,58.56908416748047
142,10,58.64384078979492
142,11,58.723548889160156
142,12,58.847023010253906
143,1,54.359249114990234
143,2,54.00257873535156
143,3,53.7216796875
143,4,53.295684814453125
143,5,52.86821365356445
143,6,52.46018981933594
143,7,52.044071197509766
143,8,51.68267059326172
143,9,51.27376174926758
143,10,50.807884216308594
143,11,50.33294677734375
143,12,49.81261444091797
144,1,76.11114501953125
144,2,76.15933227539062
144,3,76.1986312866211
144,4,76.25337982177734
144,5,76.30033874511719
144,6,76.32593536376953
144,7,76.39463806152344
144,8,76.42829895019531
144,9,76.47361755371094
144,10,76.5307388305664
144,11,76.56199645996094
144,12,76.62755584716797
145,1,70.73271179199219
145,2,70.7276382446289
145,3,70.7192611694336
145,4,70.72412109375
145,5,70.706787109375
145,6,70.68426513671875
145,7,70.6881103515625
145,8,70.69094848632812
145,9,70.67008209228516
145,10,70.67350006103516
145,11,70.6391372680664
145,12,70.67333221435547
146,1,57.27346420288086
146,2,57.33766555786133
146,3,57.39039993286133
146,4,57.473060607910156
146,5,57.51393127441406
146,6,57.55805587768555
146,7,57.62553787231445
146,8,57.7016716003418
146,9,57.77520751953125
146,10,57.8328742980957
146,11,57.895633697509766
146,12,57.99750518798828
147,1,54.24656295776367
147,2,54.173095703125
147,3,54.11547088623047
147,4,54.06993865966797
147,5,53.985206604003906
147,6,53.88775634765625
147,7,53.83279037475586
147,8,53.75554656982422
147,9,53.73056411743164
147,10,53.57998275756836
147,11,53.52655792236328
147,12,53.47603225708008
148,1,64.4273452758789
148,2,64.49816131591797
148,3,64.52224731445312
148,4,64.6435546875
148,5,64.73307037353516
148,6,64.72376251220703
148,7,64.83184051513672
148,8,64.88911437988281
148,9,64.99798583984375
148,10,65.05770111083984
148,11,65.12822723388672
148,12,65.2420654296875
149,1,72.72361755371094
149,2,72.61438751220703
149,3,72.5343246459961
149,4,72.43946838378906
149,5,72.2850341796875
149,6,72.21766662597656
149,7,72.03900909423828
149,8,71.95751190185547
149,9,71.80636596679688
149,10,71.60466766357422
149,11,71.49219512939453
149,12,71.24760437011719
150,1,79.88756561279297
150,2,79.9293212890625
150,3,79.96925354003906
150,4,80.01210021972656
150,5,80.07139587402344
150,6,79.98269653320312
150,7,80.00226593017578
150,8,80.13265228271484
150,9,80.13932800292969
150,10,80.16937255859375
150,11,80.22917175292969
150,12,80.25798034667969
151,1,61.38785934448242
151,2,61.45551681518555
151,3,61.51937484741211
151,4,61.60570526123047
151,5,61.654476165771484
151,6,61.698097229003906
151,7,61.77353286743164
151,8,61.85924530029297
151,9,61.94230270385742
151,10,62.00343704223633
151,11,62.06733322143555
151,12,62.17312240600586
152,1,52.44540023803711
152,2,52.3455810546875
152,3,52.19355392456055
152,4,52.10004806518555
152,5,51.99200439453125
152,6,51.83305740356445
152,7,51.729339599609375
152,8,51.60552978515625
152,9,51.46096420288086
152,10,51.320186614990234
152,11,51.190223693847656
152,12,51.05467224121094
153,1,72.96405029296875
153,2,72.97775268554688
153,3,72.99030303955078
153,4,73.05805206298828
153,5,73.12320709228516
153,6,73.0940170288086
153,7,73.15544891357422
153,8,73.23253631591797
153,9,73.22584533691406
153,10,73.30790710449219
153,11,73.3280258178711
153,12,73.32860565185547
154,1,64.48604583740234
154,2,64.47236633300781
154,3,64.42528533935547
154,4,64.44723510742188
154,5,64.42549133300781
154,6,64.348876953125
154,7,64.34513092041016
154,8,64.33271026611328
154,9,64.28673553466797
154,10,64.27101135253906
154,11,64.24188232421875
154,12,64.23710632324219
155,1,54.628257751464844
155,2,54.66706085205078
155,3,54.629730224609375
155,4,54.68440628051758
155,5,54.66726303100586
155,6,54.69157409667969
155,7,54.67946243286133
155,8,54.68471145629883
155,9,54.69919204711914
155,10,54.712059020996094
155,11,54.729923248291016
155,12,54.771446228027344
156,1,62.041019439697266
156,2,62.01308822631836
156,3,61.88877487182617
156,4,61.887088775634766
156,5,61.73155975341797
156,6,61.7348518371582
156,7,61.44708251953125
156,8,61.39082717895508
156,9,61.32631301879883
156,10,61.19026184082031
156,11,61.12434768676758
156,12,60.937713623046875
157,1,68.42213439941406
157,2,68.30685424804688
157,3,68.3279800415039
157,4,68.34674072265625
157,5,68.2239761352539
157,6,68.02977752685547
157,7,67.9380874633789
157,8,68.07196807861328
157,9,67.91319274902344
157,10,67.7464828491211
157,11,67.7538070678711
157,12,67.54462432861328
158,1,66.09952545166016
158,2,65.93585968017578
158,3,65.86495971679688
158,4,65.65630340576172
158,5,65.41484832763672
158,6,65.23645782470703
158,7,65.07968139648438
158,8,64.89061737060547
158,9,64.79188537597656
158,10,64.56718444824219
158,11,64.28438568115234
158,12,64.11962127685547
159,1,65.82262420654297
159,2,65.66871643066406
159,3,65.62948608398438
159,4,65.46088409423828
159,5,65.3297119140625
159,6,65.25923156738281
159,7,65.20713806152344
159,8,65.07858276367188
159,9,64.9052963256836
159,10,64.85564422607422
159,11,64.65628814697266
159,12,64.6299057006836
160,1,73.7708740234375
160,2,73.79109191894531
160,3,73.78047180175781
160,4,73.75434112548828
160,5,73.83949279785156
160,6,73.79093170166016
160,7,73.84387969970703
160,8,73.85748291015625
160,9,73.85843658447266
160,10,73.87197875976562
160,11,73.86732482910156
160,12,73.79634094238281
161,1,84.91009521484375
161,2,84.93385314941406
161,3,84.96634674072266
161,4,84.86832427978516
161,5,84.9091796875
161,6,84.93614959716797
161,7,84.99799346923828
161,8,84.99987030029297
161,9,84.97407531738281
161,10,84.9466323852539
161,11,84.89071655273438
161,12,84.92596435546875
162,1,57.19374465942383
162,2,57.07335662841797
162,3,56.899131774902344
162,4,56.799259185791016
162,5,56.647483825683594
162,6,56.50495910644531
162,7,56.363155364990234
162,8,56.21866226196289
162,9,56.025814056396484
162,10,55.86763381958008
162,11,55.72715377807617
162,12,55.57520294189453
163,1,78.48262786865234
163,2,78.5337142944336
163,3,78.53807830810547
163,4,78.57012939453125
163,5,78.68441009521484
163,6,78.68331146240234
163,7,78.77081298828125
163,8,78.82878112792969
163,9,78.81511688232422
163,10,78.918212890625
163,11,78.9583969116211
163,12,78.98533630371094
164,1,75.061279296875
164,2,75.05863189697266
164,3,75.0246353149414
164,4,75.04003143310547
164,5,75.04254913330078
164,6,75.00218200683594
164,7,75.02296447753906
164,8,74.98228454589844
164,9,74.95370483398438
164,10,74.97377014160156
164,11,74.93745422363281
164,12,74.92208862304688
165,1,49.56315612792969
165,2,49.52545166015625
165,3,49.56046676635742
165,4,49.509796142578125
165,5,49.45169448852539
165,6,49.45050048828125
165,7,49.42168426513672
165,8,49.38671875
165,9,49.384979248046875
165,10,49.293601989746094
165,11,49.280784606933594
165,12,49.23052215576172
166,1,70.1550521850586
166,2,70.17095184326172
166,3,70.3097915649414
166,4,70.30648803710938
166,5,70.3855209350586
166,6,70.41947174072266
166,7,70.5064697265625
166,8,70.57730102539062
166,9,70.72486114501953
166,10,70.78336334228516
166,11,70.78095245361328
166,12,70.91917419433594
167,1,49.02165985107422
167,2,49.035850524902344
167,3,49.04224395751953
167,4,49.0627326965332
167,5,49.057395935058594
167,6,49.061832427978516
167,7,49.07288360595703
167,8,49.088890075683594
167,9,49.10157012939453
167,10,49.10582733154297
167,11,49.118408203125
167,12,49.15484619140625
168,1,58.53425979614258
168,2,58.51914596557617
168,3,58.491024017333984
168,4,58.49117660522461
168,5,58.446685791015625
168,6,58.40858840942383
168,7,58.38874053955078
168,8,58.37080001831055
168,9,58.34408950805664
168,10,58.30097198486328
168,11,58.270347595214844
168,12,58.27400207519531
169,1,53.69747543334961
169,2,53.714088439941406
169,3,53.60123062133789
169,4,53.57316970825195
169,5,53.57828903198242
169,6,53.37702178955078
169,7,53.332679748535156
169,8,53.33025360107422
169,9,53.26423263549805
169,10,53.207523345947266
169,11,53.09615707397461
169,12,53.05390167236328
170,1,68.2896957397461
170,2,68.32557678222656
170,3,68.3918685913086
170,4,68.46524810791016
170,5,68.52617645263672
170,6,68.56401062011719
170,7,68.68335723876953
170,8,68.73282623291016
170,9,68.81822967529297
170,10,68.8851318359375
170,11,68.96566009521484
170,12,69.07125091552734
171,1,79.28833770751953
171,2,79.19808197021484
171,3,79.1441421508789
171,4,79.04811096191406
171,5,79.15349578857422
171,6,78.8656997680664
171,7,78.91568756103516
171,8,78.78160095214844
171,9,78.72755432128906
171,10,78.63919830322266
171,11,78.56500244140625
171,12,78.24758911132812
172,1,72.1969985961914
172,2,72.21109771728516
172,3,72.34300231933594
172,4,72.35186767578125
172,5,72.44586181640625
172,6,72.43063354492188
172,7,72.53627014160156
172,8,72.57232666015625
172,9,72.69606018066406
172,10,72.7144546508789
172,11,72.78058624267578
172,12,72.82568359375
173,1,67.73983001708984
173,2,67.75222778320312
173,3,67.7613754272461
173,4,67.78446960449219
173,5,67.77654266357422
173,6,67.76834869384766
173,7,67.78367614746094
173,8,67.79578399658203
173,9,67.8030014038086
173,10,67.80152130126953
173,11,67.79840850830078
173,12,67.82931518554688
174,1,76.76162719726562
174,2,76.66799926757812
174,3,76.47461700439453
174,4,76.21021270751953
174,5,76.05995178222656
174,6,75.94628143310547
174,7,75.78522491455078
174,8,75.46273040771484
174,9,75.23838806152344
174,10,75.1327896118164
174,11,74.82972717285156
174,12,74.7702407836914
175,1,70.27217864990234
175,2,70.4737777709961
175,3,70.6010513305664
175,4,70.83512115478516
175,5,70.99503326416016
175,6,71.13277435302734
175,7,71.31952667236328
175,8,71.49456787109375
175,9,71.65950775146484
175,10,71.83650207519531
175,11,72.02978515625
175,12,72.13155364990234
176,1,46.50004577636719
176,2,46.31037139892578
176,3,46.24135208129883
176,4,45.988250732421875
176,5,45.83418273925781
176,6,45.6544303894043
176,7,45.46181869506836
176,8,45.30322265625
176,9,45.012107849121094
176,10,44.88872528076172
176,11,44.68430709838867
176,12,44.366024017333984
177,1,72.72956085205078
177,2,72.76409912109375
177,3,72.85296630859375
177,4,72.9833755493164
177,5,73.05008697509766
177,6,73.12101745605469
177,7,73.27186584472656
177,8,73.38082122802734
177,9,73.37252044677734
177,10,73.5025863647461
177,11,73.60753631591797
177,12,73.72640228271484
178,1,64.7315444946289
178,2,64.7558822631836
178,3,64.87319946289062
178,4,64.92338562011719
178,5,64.89570617675781
178,6,64.98983764648438
178,7,65.05000305175781
178,8,65.172119140625
178,9,65.23814392089844
178,10,65.27666473388672
178,11,65.32154846191406
178,12,65.521240234375
179,1,50.65724563598633
179,2,50.57528305053711
179,3,50.50059127807617
179,4,50.40109634399414
179,5,50.28431701660156
179,6,50.2282829284668
179,7,50.110225677490234
179,8,50.03123474121094
179,9,49.91929626464844
179,10,49.805973052978516
179,11,49.693485260009766
179,12,49.61278533935547
180,1,56.04953384399414
180,2,55.98202133178711
180,3,55.930931091308594
180,4,55.87396240234375
180,5,55.77659225463867
180,6,55.730220794677734
180,7,55.65802764892578
180,8,55.59068298339844
180,9,55.53514862060547
180,10,55.44114303588867
180,11,55.354976654052734
180,12,55.30393600463867
181,1,82.47437286376953
181,2,82.56742095947266
181,3,82.71797180175781
181,4,82.80937957763672
181,5,82.9936294555664
181,6,83.07864379882812
181,7,83.27122497558594
181,8,83.43590545654297
181,9,83.50733947753906
181,10,83.73519897460938
181,11,83.87228393554688
181,12,84.09378051757812
182,1,37.3282470703125
182,2,37.31654739379883
182,3,37.28736877441406
182,4,37.2469596862793
182,5,37.2040901184082
182,6,37.249874114990234
182,7,37.18423843383789
182,8,37.1351203918457
182,9,37.10457992553711
182,10,37.02980041503906
182,11,37.064292907714844
182,12,36.88676071166992
183,1,64.53292846679688
183,2,64.52549743652344
183,3,64.41947174072266
183,4,64.48236846923828
183,5,64.37623596191406
183,6,64.29796600341797
183,7,64.27189636230469
183,8,64.17459106445312
183,9,64.21631622314453
183,10,64.08482360839844
183,11,64.01229858398438
183,12,64.08394622802734
184,1,67.71479797363281
184,2,67.65360260009766
184,3,67.42018127441406
184,4,67.5489501953125
184,5,67.38268280029297
184,6,67.14369201660156
184,7,67.12966918945312
184,8,66.95565795898438
184,9,66.75531768798828
184,10,66.6660385131836
184,11,66.54515075683594
184,12,66.29830169677734
185,1,63.1710319519043
185,2,63.15557861328125
185,3,63.155792236328125
185,4,63.21807861328125
185,5,63.06576156616211
185,6,63.138031005859375
185,7,63.037357330322266
185,8,63.10001754760742
185,9,63.173309326171875
185,10,63.026206970214844
185,11,62.960384368896484
185,12,62.93164825439453
186,1,66.56742858886719
186,2,66.5986099243164
186,3,66.45703125
186,4,66.55013275146484
186,5,66.38941955566406
186,6,66.45272064208984
186,7,66.36042022705078
186,8,66.26812744140625
186,9,66.2742691040039
186,10,66.05713653564453
186,11,66.02935791015625
186,12,66.02008056640625
187,1,42.878692626953125
187,2,42.89862823486328
187,3,42.91506576538086
187,4,42.929420471191406
187,5,42.94367980957031
187,6,42.95951461791992
187,7,42.97747802734375
187,8,42.99808120727539
187,9,43.0215950012207
187,10,43.046817779541016
187,11,43.069854736328125
187,12,43.1039924621582
188,1,53.057838439941406
188,2,53.008628845214844
188,3,53.01616668701172
188,4,52.9825439453125
188,5,52.932193756103516
188,6,52.8292236328125
188,7,52.84440994262695
188,8,52.82571792602539
188,9,52.81364059448242
188,10,52.722503662109375
188,11,52.667701721191406
188,12,52.65803146362305
189,1,82.72303771972656
189,2,82.80586242675781
189,3,82.89553833007812
189,4,82.88957214355469
189,5,82.92434692382812
189,6,82.97213745117188
189,7,83.03386688232422
189,8,83.15199279785156
189,9,83.12533569335938
189,10,83.28775024414062
189,11,83.28778076171875
189,12,83.42414093017578
190,1,45.470760345458984
190,2,45.26824951171875
190,3,45.19145584106445
190,4,44.93144226074219
190,5,44.78113555908203
190,6,44.580169677734375
190,7,44.39997100830078
190,8,44.22561264038086
190,9,43.93587875366211
190,10,43.7993049621582
190,11,43.599456787109375
190,12,43.28553771972656
191,1,66.29056549072266
191,2,66.34109497070312
191,3,66.42500305175781
191,4,66.56769561767578
191,5,66.633544921875
191,6,66.7233657836914
191,7,66.88267517089844
191,8,67.021728515625
191,9,67.03269958496094
191,10,67.16644287109375
191,11,67.28096008300781
191,12,67.44076538085938
192,1,79.308349609375
192,2,79.27925109863281
192,3,79.33782196044922
192,4,79.33800506591797
192,5,79.23873901367188
192,6,79.2882308959961
192,7,79.26859283447266
192,8,79.31224822998047
192,9,79.28885650634766
192,10,79.2824478149414
192,11,79.24872589111328
192,12,79.36102294921875
193,1,50.375587463378906
193,2,50.21345138549805
193,3,50.02231216430664
193,4,49.86336135864258
193,5,49.68768310546875
193,6,49.492942810058594
193,7,49.32693862915039
193,8,49.1325798034668
193,9,48.93568801879883
193,10,48.75007247924805
193,11,48.53419494628906
193,12,48.34636688232422
194,1,79.10984802246094
194,2,79.0736083984375
194,3,79.03057861328125
194,4,78.99401092529297
194,5,78.94752502441406
194,6,78.8938980102539
194,7,78.85283660888672
194,8,78.79093933105469
194,9,78.73712921142578
194,10,78.6783676147461
194,11,78.61585235595703
194,12,78.56099700927734
195,1,67.57144927978516
195,2,67.60470581054688
195,3,67.63500213623047
195,4,67.68414306640625
195,5,67.70108032226562
195,6,67.70246887207031
195,7,67.74800872802734
195,8,67.7889404296875
195,9,67.82595825195312
195,10,67.84843444824219
195,11,67.86961364746094
195,12,67.92916870117188
196,1,45.85987091064453
196,2,45.88624954223633
196,3,45.90794372558594
196,4,45.93521499633789
196,5,45.9477653503418
196,6,45.96824264526367
196,7,45.99146270751953
196,8,46.021705627441406
196,9,46.049930572509766
196,10,46.07582092285156
196,11,46.10482406616211
196,12,46.151206970214844
197,1,60.41365432739258
197,2,60.41952133178711
197,3,60.368465423583984
197,4,60.3908576965332
197,5,60.5045051574707
197,6,60.32010269165039
197,7,60.35520553588867
197,8,60.33293914794922
197,9,60.329654693603516
197,10,60.346046447753906
197,11,60.392906188964844
197,12,60.27720642089844
198,1,79.730712890625
198,2,79.80538177490234
198,3,79.94351959228516
198,4,79.99663543701172
198,5,80.09278106689453
198,6,80.14442443847656
198,7,80.27922821044922
198,8,80.39139556884766
198,9,80.43385314941406
198,10,80.58573150634766
198,11,80.67321014404297
198,12,80.80961608886719
199,1,79.9100570678711
199,2,79.95661163330078
199,3,80.00135803222656
199,4,80.04486846923828
199,5,80.09271240234375
199,6,80.1145248413086
199,7,80.1753158569336
199,8,80.21288299560547
199,9,80.25225830078125
199,10,80.306396484375
199,11,80.33692169189453
199,12,80.3912582397461
200,1,90.38029479980469
200,2,90.2812271118164
200,3,90.12645721435547
200,4,89.99864959716797
200,5,89.94287109375
200,6,89.8338623046875
200,7,89.60066223144531
200,8,89.6076431274414
200,9,89.23040008544922
200,10,89.13855743408203
200,11,89.0197525024414
200,12,88.60360717773438
201,1,65.36100006103516
201,2,65.22937774658203
201,3,65.2690200805664
201,4,65.04248046875
201,5,64.92645263671875
201,6,64.75946807861328
201,7,64.62152862548828
201,8,64.5489273071289
201,9,64.4939956665039
201,10,64.29951477050781
201,11,64.20668029785156
201,12,63.9527473449707
202,1,66.91362762451172
202,2,66.86258697509766
202,3,66.75851440429688
202,4,66.8030014038086
202,5,66.64530944824219
202,6,66.51592254638672
202,7,66.4950942993164
202,8,66.47181701660156
202,9,66.3952407836914
202,10,66.31063842773438
202,11,66.19100189208984
202,12,66.308837890625
203,1,61.63371276855469
203,2,61.51537322998047
203,3,61.355587005615234
203,4,61.26791763305664
203,5,61.19200134277344
203,6,61.03847885131836
203,7,60.771236419677734
203,8,60.57374572753906
203,9,60.60602951049805
203,10,60.325199127197266
203,11,60.22028732299805
203,12,59.97592544555664
204,1,78.3953628540039
204,2,78.32545471191406
204,3,78.04417419433594
204,4,77.97390747070312
204,5,77.67414855957031
204,6,77.6396713256836
204,7,77.32633209228516
204,8,77.07926940917969
204,9,76.98700714111328
204,10,76.600830078125
204,11,76.40637969970703
204,12,76.2554702758789
205,1,79.09708404541016
205,2,78.95890808105469
205,3,78.95240020751953
205,4,78.69567108154297
205,5,78.46271514892578
205,6,78.438232421875
205,7,78.29739379882812
205,8,78.10790252685547
205,9,77.88016510009766
205,10,77.74520874023438
205,11,77.50568389892578
205,12,77.36026000976562
206,1,63.632484436035156
206,2,63.69642639160156
206,3,63.76483154296875
206,4,63.84935760498047
206,5,63.901214599609375
206,6,63.93751525878906
206,7,64.02299499511719
206,8,64.10094451904297
206,9,64.18500518798828
206,10,64.24517059326172
206,11,64.31099700927734
206,12,64.40315246582031
207,1,76.75611877441406
207,2,76.82795715332031
207,3,76.90071868896484
207,4,76.97911834716797
207,5,77.04875183105469
207,6,77.09640502929688
207,7,77.1854248046875
207,8,77.2611083984375
207,9,77.34220123291016
207,10,77.42347717285156
207,11,77.482421875
207,12,77.58098602294922
208,1,88.41435241699219
208,2,88.48798370361328
208,3,88.53103637695312
208,4,88.59232330322266
208,5,88.67530822753906
208,6,88.7200698852539
208,7,88.81089782714844
208,8,88.84632873535156
208,9,88.91307067871094
208,10,88.9996337890625
208,11,89.043701171875
208,12,89.1102066040039
209,1,89.76415252685547
209,2,89.80674743652344
209,3,89.885986328125
209,4,89.92382049560547
209,5,90.0114517211914
209,6,90.04752349853516
209,7,90.10691833496094
209,8,90.18057250976562
209,9,90.23048400878906
209,10,90.32716369628906
209,11,90.35801696777344
209,12,90.4339828491211
210,1,81.23431396484375
210,2,81.33154296875
210,3,81.4403076171875
210,4,81.53949737548828
210,5,81.63478088378906
210,6,81.72389221191406
210,7,81.83828735351562
210,8,81.94387817382812
210,9,82.05622100830078
210,10,82.17911529541016
210,11,82.26444244384766
210,12,82.39664459228516
211,1,82.5421142578125
211,2,82.5904769897461
211,3,82.6218032836914
211,4,82.64826965332031
211,5,82.70524597167969
211,6,82.71475219726562
211,7,82.7781753540039
211,8,82.80646514892578
211,9,82.81961059570312
211,10,82.87486267089844
211,11,82.89328002929688
211,12,82.92823791503906
212,1,64.802734375
212,2,64.80819702148438
212,3,64.80655670166016
212,4,64.83748626708984
212,5,64.80360412597656
212,6,64.76690673828125
212,7,64.77762603759766
212,8,64.79328918457031
212,9,64.79693603515625
212,10,64.78430938720703
212,11,64.76533508300781
212,12,64.78288269042969
213,1,72.93347930908203
213,2,72.90829467773438
213,3,72.8696060180664
213,4,72.8709716796875
213,5,72.80498504638672
213,6,72.74398803710938
213,7,72.71475982666016
213,8,72.67479705810547
213,9,72.63957214355469
213,10,72.61677551269531
213,11,72.54947662353516
213,12,72.56635284423828
214,1,80.87670135498047
214,2,80.76954650878906
214,3,80.6865005493164
214,4,80.61607360839844
214,5,80.50029754638672
214,6,80.3454360961914
214,7,80.25452423095703
214,8,80.1497802734375
214,9,80.02365112304688
214,10,79.87705993652344
214,11,79.76033020019531
214,12,79.71876525878906
215,1,49.888519287109375
215,2,49.686004638671875
215,3,49.52871322631836
215,4,49.346736907958984
215,5,49.14113998413086
215,6,48.973655700683594
215,7,48.73827362060547
215,8,48.62628936767578
215,9,48.493385314941406
215,10,48.35405731201172
215,11,48.09105682373047
215,12,47.971187591552734
216,1,62.306007385253906
216,2,62.35576248168945
216,3,62.401649475097656
216,4,62.470481872558594
216,5,62.496158599853516
216,6,62.52520751953125
216,7,62.57900619506836
216,8,62.644264221191406
216,9,62.70334243774414
216,10,62.741031646728516
216,11,62.784584045410156
216,12,62.8685188293457
217,1,74.80831146240234
217,2,74.90625
217,3,74.76168823242188
217,4,74.95329284667969
217,5,74.84614562988281
217,6,74.85369873046875
217,7,74.88375854492188
217,8,74.82657623291016
217,9,74.83305358886719
217,10,74.8500747680664
217,11,74.82972717285156
217,12,74.91519165039062
218,1,50.92586135864258
218,2,50.965389251708984
218,3,51.00064468383789
218,4,51.04905319213867
218,5,51.06825256347656
218,6,51.0982666015625
218,7,51.13524627685547
218,8,51.190406799316406
218,9,51.23311233520508
218,10,51.26770782470703
218,11,51.3105583190918
218,12,51.37852096557617
219,1,70.01863861083984
219,2,70.05307006835938
219,3,70.13595581054688
219,4,70.18695068359375
219,5,70.20783233642578
219,6,70.25123596191406
219,7,70.32727813720703
219,8,70.40274810791016
219,9,70.40928649902344
219,10,70.45761108398438
219,11,70.58480072021484
219,12,70.66680908203125
220,1,48.17805862426758
220,2,48.21629333496094
220,3,48.2429313659668
220,4,48.32014465332031
220,5,48.38747787475586
220,6,48.365901947021484
220,7,48.39796829223633
220,8,48.435813903808594
220,9,48.56546401977539
220,10,48.59638214111328
220,11,48.59230422973633
220,12,48.63745880126953
221,1,65.92534637451172
221,2,65.72472381591797
221,3,65.65019989013672
221,4,65.39495849609375
221,5,65.3095703125
221,6,65.13938903808594
221,7,65.03324127197266
221,8,64.8379135131836
221,9,64.53923034667969
221,10,64.41553497314453
221,11,64.30928802490234
221,12,64.02155303955078
222,1,82.31986999511719
222,2,82.1924819946289
222,3,82.21405792236328
222,4,82.04476928710938
222,5,81.99726867675781
222,6,81.75640869140625
222,7,81.70561981201172
222,8,81.65904998779297
222,9,81.52548217773438
222,10,81.35257720947266
222,11,81.25919342041016
222,12,80.96195220947266
223,1,61.630252838134766
223,2,61.67176818847656
223,3,61.71194839477539
223,4,61.774112701416016
223,5,61.7947998046875
223,6,61.814788818359375
223,7,61.86404800415039
223,8,61.9183464050293
223,9,61.971920013427734
223,10,62.002288818359375
223,11,62.03843307495117
223,12,62.111751556396484
224,1,34.66279220581055
224,2,34.613914489746094
224,3,34.67018508911133
224,4,34.56890869140625
224,5,34.622825622558594
224,6,34.587059020996094
224,7,34.62014389038086
224,8,34.5302619934082
224,9,34.54989242553711
224,10,34.51716995239258
224,11,34.536460876464844
224,12,34.47452926635742
225,1,73.85306549072266
225,2,73.7228012084961
225,3,73.58839416503906
225,4,73.32081604003906
225,5,73.30648803710938
225,6,73.13137817382812
225,7,73.00662994384766
225,8,72.8072509765625
225,9,72.553955078125
225,10,72.4207992553711
225,11,72.2607192993164
225,12,72.08743286132812
226,1,58.756038665771484
226,2,58.784523010253906
226,3,58.80531311035156
226,4,58.85043716430664
226,5,58.85342025756836
226,6,58.8611946105957
226,7,58.89021301269531
226,8,58.92768096923828
226,9,58.957393646240234
226,10,58.96876525878906
226,11,58.9909553527832
226,12,59.04793930053711
227,1,43.09640884399414
227,2,43.116905212402344
227,3,43.136444091796875
227,4,43.154048919677734
227,5,43.166568756103516
227,6,43.186580657958984
227,7,43.204994201660156
227,8,43.22822570800781
227,9,43.253448486328125
227,10,43.28154373168945
227,11,43.30480194091797
227,12,43.34309768676758
228,1,34.54082107543945
228,2,34.540557861328125
228,3,34.55120086669922
228,4,34.53123474121094
228,5,34.54911422729492
228,6,34.55846405029297
228,7,34.56325912475586
228,8,34.56219482421875
228,9,34.57246398925781
228,10,34.6022834777832
228,11,34.61115264892578
228,12,34.61032485961914
229,1,30.81943702697754
229,2,30.806396484375
229,3,30.816936492919922
229,4,30.7728271484375
229,5,30.788999557495117
229,6,30.798511505126953
229,7,30.789566040039062
229,8,30.77605628967285
229,9,30.779436111450195
229,10,30.80921173095703
229,11,30.805524826049805
229,12,30.77953338623047
230,1,63.79567337036133
230,2,63.878902435302734
230,3,63.957801818847656
230,4,64.01396942138672
230,5,63.988529205322266
230,6,64.12130737304688
230,7,64.14318084716797
230,8,64.17436981201172
230,9,64.30718231201172
230,10,64.31846618652344
230,11,64.38450622558594
230,12,64.51998901367188
231,1,83.43431091308594
231,2,83.50716400146484
231,3,83.54232788085938
231,4,83.54497528076172
231,5,83.6324234008789
231,6,83.6408920288086
231,7,83.69513702392578
231,8,83.72665405273438
231,9,83.83977508544922
231,10,83.91072845458984
231,11,83.89620208740234
231,12,83.97319030761719
232,1,75.28334045410156
232,2,75.35059356689453
232,3,75.4142837524414
232,4,75.48812103271484
232,5,75.55685424804688
232,6,75.59065246582031
232,7,75.67579650878906
232,8,75.74685668945312
232,9,75.82164764404297
232,10,75.89611053466797
232,11,75.9493637084961
232,12,76.03587341308594
233,1,54.364681243896484
233,2,54.388511657714844
233,3,54.401466369628906
233,4,54.44205856323242
233,5,54.442176818847656
233,6,54.44337463378906
233,7,54.46743392944336
233,8,54.49860763549805
233,9,54.52342224121094
233,10,54.53010559082031
233,11,54.55022430419922
233,12,54.60185623168945
234,1,44.39134979248047
234,2,44.405059814453125
234,3,44.413177490234375
234,4,44.426544189453125
234,5,44.43020248413086
234,6,44.436824798583984
234,7,44.449127197265625
234,8,44.4636344909668
234,9,44.4781379699707
234,10,44.49354934692383
234,11,44.50697326660156
234,12,44.53738784790039
235,1,53.752525329589844
235,2,53.76741409301758
235,3,53.76200866699219
235,4,53.80216598510742
235,5,53.80017852783203
235,6,53.78052520751953
235,7,53.8082275390625
235,8,53.82683563232422
235,9,53.82807159423828
235,10,53.84766387939453
235,11,53.85524368286133
235,12,53.88584518432617
236,1,77.9421615600586
236,2,78.06670379638672
236,3,78.02232360839844
236,4,78.20609283447266
236,5,78.41134643554688
236,6,78.39823913574219
236,7,78.65231323242188
236,8,78.6838150024414
236,9,78.63982391357422
236,10,78.86725616455078
236,11,79.15836334228516
236,12,79.1429214477539
237,1,86.36980438232422
237,2,86.32561492919922
237,3,86.3511962890625
237,4,86.29684448242188
237,5,86.26091766357422
237,6,86.24407196044922
237,7,86.20321655273438
237,8,86.16368865966797
237,9,86.0856704711914
237,10,86.09879302978516
237,11,86.00169372558594
237,12,85.94770812988281
238,1,48.900062561035156
238,2,48.89216232299805
238,3,48.8747444152832
238,4,48.8267936706543
238,5,48.93400955200195
238,6,48.812557220458984
238,7,48.87113571166992
238,8,48.84873962402344
238,9,48.822410583496094
238,10,48.87548065185547
238,11,48.87918472290039
238,12,48.81488800048828
239,1,61.238433837890625
239,2,61.2282829284668
239,3,61.20651626586914
239,4,61.2140007019043
239,5,61.17686080932617
239,6,61.1449089050293
239,7,61.13267517089844
239,8,61.119197845458984
239,9,61.098426818847656
239,10,61.06383514404297
239,11,61.040775299072266
239,12,61.05028533935547
240,1,68.03634643554688
240,2,68.06925964355469
240,3,68.09423065185547
240,4,68.05391693115234
240,5,68.1381607055664
240,6,68.10796356201172
240,7,68.17616271972656
240,8,68.16048431396484
240,9,68.26185607910156
240,10,68.32593536376953
240,11,68.26673889160156
240,12,68.34114837646484
241,1,69.31727600097656
241,2,69.31916046142578
241,3,69.32091522216797
241,4,69.33270263671875
241,5,69.3196029663086
241,6,69.30326080322266
241,7,69.31149291992188
241,8,69.3185043334961
241,9,69.30917358398438
241,10,69.30583953857422
241,11,69.29000854492188
241,12,69.31263732910156
242,1,70.21849822998047
242,2,70.03070068359375
242,3,69.8460922241211
242,4,69.81087493896484
242,5,69.58551025390625
242,6,69.17911529541016
242,7,68.99237823486328
242,8,68.93998718261719
242,9,68.79330444335938
242,10,68.4820785522461
242,11,68.24012756347656
242,12,67.88533782958984
243,1,41.679744720458984
243,2,41.7141227722168
243,3,41.74893569946289
243,4,41.77785110473633
243,5,41.80854797363281
243,6,41.8446159362793
243,7,41.878177642822266
243,8,41.91743850708008
243,9,41.96021270751953
243,10,42.00899124145508
243,11,42.05032730102539
243,12,42.10417938232422
244,1,74.38542938232422
244,2,74.36052703857422
244,3,74.38492584228516
244,4,74.37186431884766
244,5,74.2651138305664
244,6,74.44666290283203
244,7,74.33953094482422
244,8,74.30897521972656
244,9,74.27327728271484
244,10,74.30740356445312
244,11,74.30059051513672
244,12,74.3530044555664
245,1,69.4065170288086
245,2,69.4200439453125
245,3,69.296142578125
245,4,69.38677215576172
245,5,69.35563659667969
245,6,69.17729949951172
245,7,69.13594818115234
245,8,69.02641296386719
245,9,69.05461883544922
245,10,68.91861724853516
245,11,68.85661315917969
245,12,68.69034576416016
246,1,77.4360122680664
246,2,77.56097412109375
246,3,77.683837890625
246,4,77.8136978149414
246,5,77.95311737060547
246,6,78.03726196289062
246,7,78.1904525756836
246,8,78.32682800292969
246,9,78.4708251953125
246,10,78.6202392578125
246,11,78.74047088623047
246,12,78.89128875732422
247,1,53.119361877441406
247,2,53.13894271850586
247,3,53.15129852294922
247,4,53.18758010864258
247,5,53.18168640136719
247,6,53.182350158691406
247,7,53.204429626464844
247,8,53.23188400268555
247,9,53.25121307373047
247,10,53.256202697753906
247,11,53.270938873291016
247,12,53.321624755859375
248,1,49.68500900268555
248,2,49.68545913696289
248,3,49.67729187011719
248,4,49.685672760009766
248,5,49.66410446166992
248,6,49.65257263183594
248,7,49.64830780029297
248,8,49.64952087402344
248,9,49.64445114135742
248,10,49.630638122558594
248,11,49.62662887573242
248,12,49.64698791503906
249,1,64.57503509521484
249,2,64.47000122070312
249,3,64.3512954711914
249,4,64.28172302246094
249,5,64.15675354003906
249,6,63.98016357421875
249,7,63.864837646484375
249,8,63.7358283996582
249,9,63.6219596862793
249,10,63.461116790771484
249,11,63.31050109863281
249,12,63.17814254760742
250,1,66.52584075927734
250,2,66.49161529541016
250,3,66.42205047607422
250,4,66.38343048095703
250,5,66.29547119140625
250,6,66.2229995727539
250,7,66.1772232055664
250,8,66.11087799072266
250,9,66.03311157226562
250,10,65.94429016113281
250,11,65.82991027832031
250,12,65.79093933105469
251,1,74.86650085449219
251,2,74.80512237548828
251,3,74.6414566040039
251,4,74.64226531982422
251,5,74.68702697753906
251,6,74.48626708984375
251,7,74.51573181152344
251,8,74.39424133300781
251,9,74.32508087158203
251,10,74.28414154052734
251,11,74.20108032226562
251,12,74.14034271240234
252,1,75.34104919433594
252,2,75.39077758789062
252,3,75.44107055664062
252,4,75.49593353271484
252,5,75.54415893554688
252,6,75.56661224365234
252,7,75.63241577148438
252,8,75.68228149414062
252,9,75.73597717285156
252,10,75.79147338867188
252,11,75.82567596435547
252,12,75.89385223388672
253,1,40.81126022338867
253,2,40.78274917602539
253,3,40.75537109375
253,4,40.717857360839844
253,5,40.69466781616211
253,6,40.65901184082031
253,7,40.63417053222656
253,8,40.599639892578125
253,9,40.56889724731445
253,10,40.54914474487305
253,11,40.51827621459961
253,12,40.490333557128906
254,1,61.20941925048828
254,2,61.15079879760742
254,3,61.086524963378906
254,4,61.04255294799805
254,5,60.967044830322266
254,6,60.88444900512695
254,7,60.83419418334961
254,8,60.7678337097168
254,9,60.689369201660156
254,10,60.607383728027344
254,11,60.53105545043945
254,12,60.485572814941406
255,1,72.41384887695312
255,2,72.40729522705078
255,3,72.41101837158203
255,4,72.40802764892578
255,5,72.40087127685547
255,6,72.36929321289062
255,7,72.37873077392578
255,8,72.3691177368164
255,9,72.3624038696289
255,10,72.34920501708984
255,11,72.32750701904297
255,12,72.33357238769531
256,1,60.46872329711914
256,2,60.45542526245117
256,3,60.43581771850586
256,4,60.43739318847656
256,5,60.39482498168945
256,6,60.360626220703125
256,7,60.34559631347656
256,8,60.33354187011719
256,9,60.3109016418457
256,10,60.27183151245117
256,11,60.245365142822266
256,12,60.25472640991211
257,1,75.86824798583984
257,2,75.88517761230469
257,3,75.93580627441406
257,4,75.94377899169922
257,5,76.00242614746094
257,6,75.97837829589844
257,7,76.06009674072266
257,8,76.10832977294922
257,9,76.12882995605469
257,10,76.16617584228516
257,11,76.21659851074219
257,12,76.23473358154297
258,1,71.49360656738281
258,2,71.44573974609375
258,3,71.50045013427734
258,4,71.43099212646484
258,5,71.38318634033203
258,6,71.44513702392578
258,7,71.43992614746094
258,8,71.41349792480469
258,9,71.4052734375
258,10,71.38764190673828
258,11,71.35716247558594
258,12,71.39337921142578
259,1,87.40980529785156
259,2,87.23749542236328
259,3,87.0730209350586
259,4,86.87820434570312
259,5,86.77914428710938
259,6,86.51571655273438
259,7,86.38924407958984
259,8,86.0892333984375
259,9,85.91372680664062
259,10,85.70932006835938
259,11,85.52250671386719
259,12,85.24005126953125
260,1,57.008785247802734
260,2,56.96064758300781
260,3,56.928627014160156
260,4,56.90199279785156
260,5,56.8290901184082
260,6,56.78523635864258
260,7,56.755889892578125
260,8,56.712032318115234
260,9,56.67094421386719
260,10,56.584388732910156
260,11,56.558837890625
260,12,56.543907165527344
261,1,68.19139099121094
261,2,68.26296997070312
261,3,68.33068084716797
261,4,68.4211654663086
261,5,68.48342895507812
261,6,68.52256774902344
261,7,68.61051177978516
261,8,68.69668579101562
261,9,68.78890228271484
261,10,68.86348724365234
261,11,68.92261505126953
261,12,69.03012084960938
262,1,43.146121978759766
262,2,43.16266632080078
262,3,43.16743469238281
262,4,43.17384338378906
262,5,43.14560317993164
262,6,43.20587158203125
262,7,43.177276611328125
262,8,43.172515869140625
262,9,43.14845275878906
262,10,43.1639289855957
262,11,43.19816589355469
262,12,43.21070861816406
263,1,63.434547424316406
263,2,63.436553955078125
263,3,63.56182861328125
263,4,63.725521087646484
263,5,63.63322067260742
263,6,63.63481140136719
263,7,63.60933303833008
263,8,63.67811584472656
263,9,63.868003845214844
263,10,63.773826599121094
263,11,63.70863342285156
263,12,63.9400749206543
264,1,41.276039123535156
264,2,41.29933547973633
264,3,41.31756591796875
264,4,41.33639907836914
264,5,41.35795593261719
264,6,41.37643814086914
264,7,41.40026092529297
264,8,41.424163818359375
264,9,41.45001220703125
264,10,41.48493194580078
264,11,41.51450729370117
264,12,41.55319595336914
265,1,46.721458435058594
265,2,46.52359390258789
265,3,46.318180084228516
265,4,46.09883117675781
265,5,45.84225845336914
265,6,45.54912567138672
265,7,45.2838134765625
265,8,45.07851028442383
265,9,44.81378173828125
265,10,44.55247497558594
265,11,44.24814224243164
265,12,43.891387939453125
266,1,51.86348342895508
266,2,51.781009674072266
266,3,51.705894470214844
266,4,51.6368522644043
266,5,51.56123733520508
266,6,51.435340881347656
266,7,51.38685607910156
266,8,51.296268463134766
266,9,51.2053108215332
266,10,51.11296081542969
266,11,51.01752853393555
266,12,50.97536849975586
267,1,77.09069061279297
267,2,77.014892578125
267,3,76.93228912353516
267,4,76.845947265625
267,5,76.76454162597656
267,6,76.66846466064453
267,7,76.59341430664062
267,8,76.48993682861328
267,9,76.3628921508789
267,10,76.28441619873047
267,11,76.17660522460938
267,12,76.0802230834961
268,1,63.87382507324219
268,2,63.90613555908203
268,3,63.93080520629883
268,4,63.984554290771484
268,5,64.0081787109375
268,6,64.00454711914062
268,7,64.0555191040039
268,8,64.09646606445312
268,9,64.13382720947266
268,10,64.16046142578125
268,11,64.18368530273438
268,12,64.24190521240234
269,1,46.90964889526367
269,2,46.92560577392578
269,3,46.93428421020508
269,4,46.95325469970703
269,5,46.95319366455078
269,6,46.96127700805664
269,7,46.973079681396484
269,8,46.99024200439453
269,9,47.0057487487793
269,10,47.01698684692383
269,11,47.03257369995117
269,12,47.068214416503906
270,1,62.208595275878906
270,2,62.16303634643555
270,3,62.11574935913086
270,4,62.08220672607422
270,5,62.00275802612305
270,6,61.94401931762695
270,7,61.88972473144531
270,8,61.839134216308594
270,9,61.779300689697266
270,10,61.70466995239258
270,11,61.63496780395508
270,12,61.601539611816406
271,1,41.10855484008789
271,2,41.06520080566406
271,3,41.0615348815918
271,4,40.986454010009766
271,5,40.90473175048828
271,6,40.930538177490234
271,7,40.857234954833984
271,8,40.83943557739258
271,9,40.7982063293457
271,10,40.773841857910156
271,11,40.6992301940918
271,12,40.68935012817383
272,1,66.89193725585938
272,2,66.89727020263672
272,3,66.89633178710938
272,4,66.91031646728516
272,5,66.89218139648438
272,6,66.87872314453125
272,7,66.88330841064453
272,8,66.88662719726562
272,9,66.88101196289062
272,10,66.86774444580078
272,11,66.8564453125
272,12,66.87802124023438
273,1,63.16910171508789
273,2,63.214576721191406
273,3,63.25379943847656
273,4,63.31563186645508
273,5,63.34266662597656
273,6,63.362213134765625
273,7,63.41436004638672
273,8,63.470218658447266
273,9,63.52556610107422
273,10,63.558563232421875
273,11,63.59584045410156
273,12,63.67337417602539
274,1,71.24742126464844
274,2,71.31340789794922
274,3,71.37747955322266
274,4,71.45524597167969
274,5,71.5178451538086
274,6,71.5512924194336
274,7,71.63639831542969
274,8,71.71089935302734
274,9,71.78874206542969
274,10,71.85823822021484
274,11,71.91427612304688
274,12,72.0062255859375
275,1,79.13826751708984
275,2,79.27442169189453
275,3,79.40813446044922
275,4,79.54995727539062
275,5,79.70105743408203
275,6,79.79953002929688
275,7,79.96432495117188
275,8,80.11279296875
275,9,80.27271270751953
275,10,80.43647003173828
275,11,80.56788635253906
275,12,80.7345199584961
276,1,57.832679748535156
276,2,57.84479522705078
276,3,57.84678268432617
276,4,57.87696838378906
276,5,57.86109161376953
276,6,57.851783752441406
276,7,57.86351776123047
276,8,57.87956237792969
276,9,57.88803482055664
276,10,57.87775421142578
276,11,57.88337707519531
276,12,57.92144012451172
277,1,73.95452117919922
277,2,73.9693374633789
277,3,73.98214721679688
277,4,74.00190734863281
277,5,74.01435089111328
277,6,73.9991683959961
277,7,74.0283432006836
277,8,74.0368881225586
277,9,74.04676055908203
277,10,74.05813598632812
277,11,74.05575561523438
277,12,74.078369140625
278,1,64.00938415527344
278,2,64.0082778930664
278,3,64.0842514038086
278,4,64.07780456542969
278,5,64.01860809326172
278,6,64.07640838623047
278,7,64.07550048828125
278,8,64.16275787353516
278,9,64.04684448242188
278,10,64.1287841796875
278,11,64.1296157836914
278,12,64.13375854492188
279,1,77.61209106445312
279,2,77.60425567626953
279,3,77.5477523803711
279,4,77.45188903808594
279,5,77.52684020996094
279,6,77.3232650756836
279,7,77.38378143310547
279,8,77.3193130493164
279,9,77.27124786376953
279,10,77.1958999633789
279,11,77.15823364257812
279,12,77.00282287597656
280,1,60.81794357299805
280,2,60.672607421875
280,3,60.687923431396484
280,4,60.486480712890625
280,5,60.3406982421875
280,6,60.28641891479492
280,7,60.244773864746094
280,8,60.06287384033203
280,9,59.960792541503906
280,10,59.90727996826172
280,11,59.688392639160156
280,12,59.49159622192383
281,1,84.36202239990234
281,2,84.2227783203125
281,3,84.19295501708984
281,4,84.07591247558594
281,5,83.91797637939453
281,6,83.84862518310547
281,7,83.7033920288086
281,8,83.55411529541016
281,9,83.54769897460938
281,10,83.30561828613281
281,11,83.27725982666016
281,12,83.19175720214844
282,1,91.99942779541016
282,2,92.0215835571289
282,3,92.01266479492188
282,4,92.0370101928711
282,5,92.00472259521484
282,6,92.129638671875
282,7,92.08940124511719
282,8,92.05599975585938
282,9,92.03424835205078
282,10,92.05677795410156
282,11,92.06034088134766
282,12,92.0636978149414
283,1,69.4801025390625
283,2,69.4620132446289
283,3,69.43276977539062
283,4,69.42628479003906
283,5,69.39359283447266
283,6,69.346435546875
283,7,69.33528900146484
283,8,69.310791015625
283,9,69.25226593017578
283,10,69.23534393310547
283,11,69.19731903076172
283,12,69.1676254272461
284,1,63.82621383666992
284,2,63.834617614746094
284,3,63.853843688964844
284,4,63.86656188964844
284,5,63.845211029052734
284,6,63.82594299316406
284,7,63.8381233215332
284,8,63.84423828125
284,9,63.856666564941406
284,10,63.8157844543457
284,11,63.823646545410156
284,12,63.858482360839844
285,1,65.31926727294922
285,2,65.27217102050781
285,3,65.232177734375
285,4,65.1748046875
285,5,65.10526275634766
285,6,65.066650390625
285,7,65.00259399414062
285,8,64.94845581054688
285,9,64.87337493896484
285,10,64.82942199707031
285,11,64.74962615966797
285,12,64.70272827148438
286,1,82.19241333007812
286,2,82.23961639404297
286,3,82.282470703125
286,4,82.32443237304688
286,5,82.37413024902344
286,6,82.39962768554688
286,7,82.45327758789062
286,8,82.49237060546875
286,9,82.51850128173828
286,10,82.58746337890625
286,11,82.6107406616211
286,12,82.6664810180664
287,1,64.32437896728516
287,2,64.38735961914062
287,3,64.45953369140625
287,4,64.54249572753906
287,5,64.61963653564453
287,6,64.63365173339844
287,7,64.72364807128906
287,8,64.79962921142578
287,9,64.9104232788086
287,10,64.97803497314453
287,11,65.03395080566406
287,12,65.13861846923828
288,1,77.06816101074219
288,2,77.12610626220703
288,3,77.1714096069336
288,4,77.2314453125
288,5,77.27635955810547
288,6,77.30728149414062
288,7,77.36436462402344
288,8,77.41564178466797
288,9,77.46315002441406
288,10,77.51914978027344
288,11,77.55365753173828
288,12,77.60974884033203
289,1,79.3089370727539
289,2,79.42570495605469
289,3,79.6224594116211
289,4,79.7520980834961
289,5,79.82093048095703
289,6,79.93101501464844
289,7,80.03650665283203
289,8,80.24398803710938
289,9,80.43305206298828
289,10,80.56956481933594
289,11,80.639892578125
289,12,80.90325164794922
290,1,54.85626983642578
290,2,54.87009811401367
290,3,54.89067840576172
290,4,54.90852737426758
290,5,54.90895462036133
290,6,54.922542572021484
290,7,54.93144989013672
290,8,54.93532943725586
290,9,54.96282196044922
290,10,54.951576232910156
290,11,54.987789154052734
290,12,54.98883056640625
291,1,65.44129180908203
291,2,65.45469665527344
291,3,65.46158599853516
291,4,65.48746490478516
291,5,65.47573852539062
291,6,65.4706802368164
291,7,65.48365020751953
291,8,65.50054931640625
291,9,65.50858306884766
291,10,65.50372314453125
291,11,65.50047302246094
291,12,65.53643798828125
292,1,53.79390335083008
292,2,53.55834197998047
292,3,53.35063171386719
292,4,53.135101318359375
292,5,52.911834716796875
292,6,52.57126235961914
292,7,52.44855499267578
292,8,52.22602462768555
292,9,51.98173904418945
292,10,51.67432403564453
292,11,51.42528533935547
292,12,51.269100189208984
293,1,69.38397216796875
293,2,69.38628387451172
293,3,69.41217803955078
293,4,69.4505386352539
293,5,69.51079559326172
293,6,69.44075012207031
293,7,69.46662902832031
293,8,69.5619125366211
293,9,69.5715103149414
293,10,69.56690216064453
293,11,69.58802032470703
293,12,69.68408203125
294,1,62.13243865966797
294,2,62.28694152832031
294,3,62.246334075927734
294,4,62.348690032958984
294,5,62.41084289550781
294,6,62.501007080078125
294,7,62.534423828125
294,8,62.6059684753418
294,9,62.643592834472656
294,10,62.70338439941406
294,11,62.805850982666016
294,12,62.86692428588867
